latr,lonr,index,"País","nomdep","nomprov","nomdist","AsientoElectoral","nombrerecinto","DIRECCIÓN RECINTO ELECTORAL",CANTIDAD DE MESAS,Habilitados,latitud,longitud,dif,Inscritos,"Recinto",num_rec,"nombremunicipio",id_rec,density,x,y
-51.5,-69.25,63,"Argentina","Santa Cruz","Güer Aike","Güer Aike","Río Gallegos","Pastoral de Rio Gallegos","Errazuriz 53,  Río Gallegos, Santa Cruz, Argentina",4,864,-51.6230485,-69.2168291,0,864,"Pastoral de Rio Gallegos",4,"Güer Aike",1101192438426096,1.3824,184.595,3.799527577528661
-47.75,-66,28,"Argentina","Santa Cruz","Deseado","Deseado","Puerto Deseado","Escuela N°56 Krewen Kau","Av. 12 de Octubre 1301, esq Venezuela y Patagonia",1,234,-47.7458554,-65.8879889,0,234,"Escuela N°56 Krewen Kau",1,"Deseado",1101192438326095,0.3744,345.196,3.5844123934805787
-45.75,-67.5,92,"Argentina","Chubut","Escalante","Comodoro Rivadavia","Comodoro Rivadavia","Centro Cultural de Comodoro Rivadavia","Avenida Rivadavia, 9 de Julio y, U9000 Comodoro Rivadavia, Chubut, Argentina",8,1796,-45.8632312,-67.4761418,-237,2033,"Centro Cultural de Comodoro Rivadavia",9,"Comodoro Rivadavia",1101185407325303,2.8736,178.577,12.18519362131412
-42.75,-65,77,"Argentina","Chubut","Biedma","Puerto Madryn","Puerto Madryn","Centro de Residentes Bolivianos \"Wiñay\"","325, América 299, U9120 Puerto Madryn, Chubut, Argentina",6,1270,-42.7590766,-65.0504149,-238,1508,"Centro de Residentes Bolivianos \"Wiñay\"",7,"Puerto Madryn",1101185437226084,2.032,216.337,17.719754919484842
-40.75,-63,69,"Argentina","Rio Negro","Adolfo Alsina","Viedma","Viedma","Universidad Nacional De Rio Negro","Calle Colón 460, Viedma, Río Negro, Argentina",5,1095,-40.8119087,-62.9962044,0,1095,"Universidad Nacional De Rio Negro",5,"Viedma",1101123376625091,1.752,267.784,17.348951099458336
-38.75,-68,59,"Argentina","Neuquén","Confluencia","Centenario","Centenario","Centro de Formación Profesional N° 29
Darrieux 470","Juan B Darrieux entre Islas malvinas y primeros pobladores",4,789,-38.8289063,-68.1227342,0,789,"Centro de Formación Profesional N° 29 Darrieux 470",4,"Centenario",1101189437926091,1.2624,129.154,36.54450789477958
-38,-57.75,66,"Argentina","Buenos Aires","General Pueyrredón","General Pueyrredón","Mar del Plata","Escuela Formación Profesional N°7 Batan","N 44, Batán, Buenos Aires, Argentina",3,728,-38.010832,-57.707573,-253,981,"Escuela Formación Profesional N°7 Batan",4,"General Pueyrredón",1101110436926081,1.1648,576.411,5.468798201592221
-37,-56.75,76,"Argentina","Buenos Aires","Pinamar","Pinamar","Pinamar","Escuela Primaria N 7 de Ostende Pinamar","Calle Misiones, Ostende, Pinamar",6,1226,-37.1050711,-56.8717377,-238,1464,"Escuela Primaria N 7 de Ostende Pinamar",7,"Pinamar",1101110437126083,1.9616,743.534,9.471308543318395
-36.5,-64.25,13,"Argentina","La Pampa","Capital","Santa Rosa","Santa Rosa","Centro Municipal de Cultura","Calle Quintana 172, L6300ARD Santa Rosa, La Pampa, Argentina",1,125,-36.6187881,-64.2932064,0,125,"Centro Municipal de Cultura",1,"Santa Rosa",1101196439126103,0.2,178.4,49.602876699394855
-35,-58,96,"Argentina","Buenos Aires","La Plata","La Plata","La Plata","Escuela Primaria N°5 Cnl. De Marina Tomas Espora","Plaza Adolfo Alsina 85 Esq 37 y 38 / Diagonal 74, La Plata, Buenos Aires, Argentina",10,2166,-34.9001983,-57.9567849,0,2166,"Escuela Primaria N°5 Cnl. De Marina Tomas Espora",10,"La Plata",1101110414025187,11.7904,662.84,69.18393373536911
-35,-58,113,"Argentina","Buenos Aires","La Plata","La Plata","La Plata","Escuela Primaria N°102 Dr. Dardo Rocha","Calle 7 Esq. cerca al monumento Juan Bautista Cabral, La Plata, Buenos Aires, Argentina",11,2451,-34.9168208,-57.9416072,-240,2691,"Escuela Primaria N°102 Dr. Dardo Rocha",12,"La Plata",1101110414025188,11.7904,668.343,66.59977373864339
-35,-58,114,"Argentina","Buenos Aires","La Plata","La Plata","La Plata","Escuela Secundaria Nº34 Almafuerte","Calle 58 Esq. 8 y 9 / Diagonal 73 y botonda Dardo Rocha, La Plata, Buenos Aires, Argentina",12,2752,-34.9205835,-57.9454487,0,2752,"Escuela Secundaria Nº34 Almafuerte",12,"La Plata",1101110414025064,11.7904,667.135,66.15585783668571
-35,-56.25,21,"Uruguay","Montevideo","Montevideo","Montevideo","Montevideo","Embajada","Dr Prudencio de Pena 2469, 11600
Montevideo, Departamento de Montevideo, Uruguay",1,202,-34.913503,-56.1761849,0,202,"Embajada",1,"Montevideo",1123349379225117,0.3232,863.774,53.98015512902415
-34.75,-68.25,51,"Argentina","Mendoza","San Rafael","San Rafael","Salto de las Rosas","Escuela “Pedro Goyena”","Sarmiento N 351, Salto de las Rosas, Distrito Cañada Seca, Mendoza, Argentina",3,557,-34.7238482,-68.2289446,0,557,"Escuela “Pedro Goyena”",3,"San Rafael",1101111414625151,0.8912,151.771,52.20770633064688
-34.75,-60.5,35,"Argentina","Buenos Aires","Chacabuco","Chacabuco","Chacabuco","Escuela de Educación Primaria N 12 Hipolito Yrigoye","Calle Entre Ríos 199 esq. Cnl Jose V de Olavarria, Chacabuco, Buenos Aires, Argentina",2,316,-34.643309,-60.463137,0,316,"Escuela de Educación Primaria N 12 Hipolito Yrigoye",2,"Chacabuco",1101110436826080,0.5056,190.194,91.52458570590804
-34.75,-58.75,85,"Argentina","Buenos Aires","La Matanza","La Matanza","González Catán","Escuela Secundaria Nº51","Atalco 4551 y Tinogasta, Buenos Aires, Argentina",8,1702,-34.7668797,-58.6285719,0,1702,"Escuela Secundaria Nº51",8,"La Matanza",1101110413425183,6.0288,387.267,97.13993411340934
-34.75,-58.75,94,"Argentina","Buenos Aires","Ituzaingó","Ituzaingó","Ituzaingó","Esc Primaria Nro 3 Jose Manuel Estrada","Avenida Nestor Carlos Kirchner entre calle gomensoro  y Camacua  (24 de Octubre)",9,2066,-34.661142,-58.670223,0,2066,"Esc Primaria Nro 3 Jose Manuel Estrada",9,"Ituzaingó",1101110412925192,6.0288,373.874,116.48210014682286
-34.75,-58.5,38,"Argentina","Buenos Aires","José M. Ezeiza","José M. Ezeiza","Carlos Spegazzini","Escuela N24 Rene Gerónimo Favaloro","B. Matienzo 701-749, Tristán Suárez, Buenos Aires, Argentina",2,386,-34.8643528,-58.5164371,0,386,"Escuela N24 Rene Gerónimo Favaloro",2,"José M. Ezeiza",1101110437026082,124.3232,429.184,82.08495994532294
-34.75,-58.5,75,"Argentina","Buenos Aires","Buenos Aires","C.A. Buenos Aires","C.A. Buenos Aires","Escuela de Jornada Completa Nº 16 D.E. 05 Sabina Bove de Bozalla","Av.Amacio Alcorta esq Pepiri 3402, Buenos Aires, Argentina",6,1378,-34.6521374,-58.4071518,0,1378,"Escuela de Jornada Completa Nº 16 D.E. 05 Sabina Bove de Bozalla",6,"C.A. Buenos Aires",1101110361125189,124.3232,475.148,117.65148744841964
-34.75,-58.5,78,"Argentina","Buenos Aires","Buenos Aires","C.A. Buenos Aires","C.A. Buenos Aires","Escuela De Jornada Simple Nº 07 D.E. 18 Republica Arabe de Egipto","Av Rivadavia 9799, Capital Federal Villa Luro, moliere y Rivadavia",7,1523,-34.6374391,-58.5019443,0,1523,"Escuela De Jornada Simple Nº 07 D.E. 18 Republica Arabe de Egipto",7,"C.A. Buenos Aires",1101110361125167,124.3232,435.978,121.66295717242002
-34.75,-58.5,87,"Argentina","Buenos Aires","Buenos Aires","C.A. Buenos Aires","C.A. Buenos Aires","Escuela De Jornada Completa Nº 08 D.E. 20 Dr. Dalmacio Vélez Sársfield","Fonrouge 370, Capital Federal Liniers plaza martin garcia de Cosio y Gaaguazu",8,1765,-34.6314852,-58.4923493,0,1765,"Escuela De Jornada Completa Nº 08 D.E. 20 Dr. Dalmacio Vélez Sársfield",8,"C.A. Buenos Aires",1101110361125163,124.3232,439.893,122.72407125982448
-34.75,-58.5,88,"Argentina","Buenos Aires","Buenos Aires","C.A. Buenos Aires","C.A. Buenos Aires","Escuela de Educacion Media N° 4  De 19 Homero Manzi","Av. Saenz 631 entre Famatina y Dekay, Buenos Aires, Argentina",8,1881,-34.6469727,-58.4163299,0,1881,"Escuela de Educacion Media N° 4  De 19  Homero Manzi",8,"C.A. Buenos Aires",1101110361125190,124.3232,471.319,118.76084347435436
-34.75,-58.5,91,"Argentina","Buenos Aires","Buenos Aires","C.A. Buenos Aires","C.A. Buenos Aires","Escuela Técnica N° 17  DE  13  Brigadier General Cornelio Saavedra","Av. Lacarra 535, entre Av. Jose Enrique Rodo y Jose Bonifacio, Buenos Aires, Argentina",9,1978,-34.63997,-58.481677,0,1978,"Escuela Técnica N° 17  DE  13  Brigadier General Cornelio Saavedra",9,"C.A. Buenos Aires",1101110361125165,124.3232,444.253,120.94609087206655
-34.75,-58.5,95,"Argentina","Buenos Aires","La Matanza","La Matanza","Gregorio de Laferrere","Anexo Escuela Secundaria Nº 23","Santa Catalina 5909 esq Osvado Magnaso, Buenos Aires, Argentina",10,2161,-34.751359,-58.591917,0,2161,"Anexo Escuela Secundaria Nº 23",10,"La Matanza",1101110413225181,124.3232,401.194,99.5620096162073
-34.75,-58.5,101,"Argentina","Buenos Aires","La Matanza","La Matanza","Villa Celina","Escuela Primaria Nº139 Congreso De Tucuman","Unanue 10 Av.Boulogne sur mer",10,2386,-34.7066418,-58.483539,0,2386,"Escuela Primaria Nº139 Congreso De Tucuman",10,"La Matanza",1101110413025178,124.3232,443.111,108.0836907575111
-34.75,-58.5,103,"Argentina","Buenos Aires","Buenos Aires","C.A. Buenos Aires","C.A. Buenos Aires","Escuela Nº 13 D.E. 19 “Presbítero Alberti”","Itaqui 2050 entre Charrua y Matanza, C1437 GVH, Buenos Aires, Argentina",11,2487,-34.6532397,-58.431682,0,2487,"Escuela Nº 13 D.E. 19 “Presbítero Alberti”",11,"C.A. Buenos Aires",1101110361125168,124.3232,464.959,117.74972949788685
-34.75,-58.5,105,"Argentina","Buenos Aires","Buenos Aires","C.A. Buenos Aires","C.A. Buenos Aires","Colegio Nº 18 Dr. Alberto Larroque","Moron 4149 Sanabria y Gualeguaychu",11,2553,-34.6352837,-58.4805118,0,2553,"Colegio Nº 18 Dr. Alberto Larroque",11,"C.A. Buenos Aires",1101110361125158,124.3232,444.759,121.83669796318587
-34.75,-58.5,108,"Argentina","Buenos Aires","La Matanza","La Matanza","Isidro Casanova","Isidro Casanova - Escuela Secundaria Nº76","Isidro Casanova",11,2608,-34.7115951,-58.5907306,0,2608,"Isidro Casanova - Escuela Secundaria Nº76",11,"La Matanza",1101110413125179,124.3232,402.286,107.11606760126998
-34.75,-58.5,112,"Argentina","Buenos Aires","Buenos Aires","C.A. Buenos Aires","C.A. Buenos Aires","Escuela N° 3 De 20 Republica Francesa","Montiel 153, Capital Federal Liniers, ibarrola y Lorenzo Falcon",12,2634,-34.6409934,-58.5264647,0,2634,"Escuela N° 3 De 20 Republica Francesa",12,"C.A. Buenos Aires",1101110361125173,124.3232,426.977,120.87602983635603
-34.75,-58.5,115,"Argentina","Buenos Aires","La Matanza","La Matanza","San Justo","Anexo I De Escuela Secundaria Nº11","Hipolito Yrigoien 2462, entre Av. Dr, Ignacio Arieta y Almafuerte, Buenos Aires, Argentina",12,2799,-34.6788634,-58.5582764,0,2799,"Anexo I De Escuela Secundaria Nº11",12,"La Matanza",1101110413325182,124.3232,414.827,113.47483332337785
-34.75,-58.5,116,"Argentina","Buenos Aires","La Matanza","La Matanza","Villa Celina","Escuela Primaria Nº 97 Juana Manso De Noronha","Avelino Diaz  500 y W.J. Mollins",12,2814,-34.7066418,-58.483539,0,2814,"Escuela Primaria Nº 97 Juana Manso De Noronha",12,"La Matanza",1101110413025176,124.3232,443.111,108.0836907575111
-34.75,-58.5,119,"Argentina","Buenos Aires","Buenos Aires","C.A. Buenos Aires","C.A. Buenos Aires","Escuela N° 4 De 11 Benjamín Zorrila","Calle San Pedrito1415, Av. Lafuente y Crisostomo Alvarez, Buenos Aires, Argentina",12,2704,-34.644897,-58.4533288,-236,2940,"Escuela N° 4 De 11 Benjamín Zorrila",13,"C.A. Buenos Aires",1101110361125164,124.3232,455.977,119.63217050313817
-34.75,-58.5,120,"Argentina","Buenos Aires","Lomas de Zamora","Lomas de Zamora","Ingeniero Budge","Escuela EGB Nro. 12 Primera Junta","Quesada 2610",12,2702,-34.7165481,-58.4494698,-238,2940,"Escuela EGB Nro. 12 Primera Junta",13,"Lomas de Zamora",1101110413625062,124.3232,457.493,105.76965324387412
-34.75,-58.5,122,"Argentina","Buenos Aires","La Matanza","La Matanza","Gregorio de Laferrere","Escuela Primaria Nº 19","Monseñor López May 3250, entre Ricardo Gutierrez y Olegario Victor, Buenos Aires, Argentina",13,3036,-34.7507214,-58.5869096,0,3036,"Escuela Primaria Nº 19",13,"La Matanza",1101110413225180,124.3232,403.084,99.66644230571542
-34.75,-58.5,123,"Argentina","Buenos Aires","Buenos Aires","C.A. Buenos Aires","C.A. Buenos Aires","Esc. Primaria Común Nº 08 D.E. 13 Reino De Thailandia","Calle Homero 2169 entre Echeanda y Zuvina, Buenos Aires, Argentina",13,3069,-34.6587631,-58.4751589,0,3069,"Esc. Primaria Común Nº 08 D.E. 13 Reino De Thailandia",13,"C.A. Buenos Aires",1101110361125059,124.3232,446.866,117.23240764022955
-34.75,-58.5,124,"Argentina","Buenos Aires","Esteban Echeverría","Esteban Echeverría","Nueve de Abril","Esc. Secundaria Basica Nº4","Guamini 5348 entre Av. De Mayo y Salta, Buenos Aires, Argentina",13,3081,-34.7616857,-58.4995083,0,3081,"Esc. Secundaria Basica Nº4",13,"Esteban Echeverría",1101110413525061,124.3232,435.994,98.06165610581839
-34.75,-58.5,126,"Argentina","Buenos Aires","Esteban Echeverría","Esteban Echeverría","Nueve de Abril","Escuela De Educación Primaria N°16 República Francesa","Av. Dr. Gilberto Elizalde 3971, entre Av Olimpo y Homero, Buenos Aires , Argentina",13,3088,-34.762396,-58.4994326,0,3088,"Escuela De Educación Primaria N°16 República Francesa",13,"Esteban Echeverría",1101110413525185,124.3232,436.025,97.9501168841326
-34.75,-58.5,127,"Argentina","Buenos Aires","Buenos Aires","C.A. Buenos Aires","C.A. Buenos Aires","Escuela De Jornada Simple Nº 08 D.E. 21 Judith y Demetrio Demarchi","Av. Jose ignacio Rucci 3961, entre Aquino y Zelarrayan, Buenos Aires, Argentina",12,2854,-34.6765937,-58.4806061,-238,3092,"Escuela De Jornada Simple Nº 08 D.E. 21 Judith y Demetrio Demarchi",13,"C.A. Buenos Aires",1101110361125172,124.3232,444.506,113.85529460275949
-34.75,-58.5,130,"Argentina","Buenos Aires","Buenos Aires","C.A. Buenos Aires","C.A. Buenos Aires","Esc. Primaria Común Nº 17 D.E. 19 Gaspar Lucilo Benavento","Calle Mariano Acosta esq. Mariano Acosta 3420, Buenos Aires, Argentina",13,2910,-34.6788622,-58.4585254,-237,3147,"Esc. Primaria Común Nº 17 D.E. 19 Gaspar Lucilo Benavento",14,"C.A. Buenos Aires",1101110361125169,124.3232,453.743,113.1460363846995
-34.75,-58.5,133,"Argentina","Buenos Aires","Buenos Aires","C.A. Buenos Aires","C.A. Buenos Aires","Escuela De Jornada Simple Nº 03 D.E. 21 Cristóbal Colón","Av. Larrazabal  4051, entre Sayos yJose Ballivian y Ordoñez, Buenos Aires, Argentina",14,3288,-34.6766933,-58.472315,0,3288,"Escuela De Jornada Simple Nº 03 D.E. 21 Cristóbal Colón",14,"C.A. Buenos Aires",1101110361125191,124.3232,447.976,113.73406676067464
-34.75,-58.5,137,"Argentina","Buenos Aires","Buenos Aires","C.A. Buenos Aires","C.A. Buenos Aires","Escuela N° 22 De 11 Hipólito Bouchard","Avelino Díaz 2356 entre Esteban Bonorino y Rivera Indarte",13,3017,-34.643007,-58.4498144,-472,3489,"Escuela N° 22 De 11 Hipólito Bouchard",15,"C.A. Buenos Aires",1101110361125057,124.3232,457.436,119.95169498791677
-34.75,-58.5,140,"Argentina","Buenos Aires","Buenos Aires","C.A. Buenos Aires","C.A. Buenos Aires","Escuela N° 12 De 19 José Enrique Rodo","Jose Hernandez entre Pres Camilo Torres-Tenorio y Alfonsina Storni",16,3635,-34.6461495,-58.4407415,0,3635,"Escuela N° 12 De 19 José Enrique Rodo",16,"C.A. Buenos Aires",1101110361125160,124.3232,461.194,119.23023302755493
-34.75,-58.5,146,"Argentina","Buenos Aires","Lomas de Zamora","Lomas de Zamora","Villa Albertina","Extensión de Escuela Secundaria Nº33 (Escuela Secundaria 33)","Homero 3780, Cañuelas y Cayafate/ a dos cuadras del Arroyo Epecuen",18,4240,-34.8383082,-58.450707,0,4240,"Extension De Escuela Secundaria Nº33",18,"Lomas de Zamora",1101110413725184,124.3232,456.846,85.62580633693042
-34.75,-58.5,149,"Argentina","Buenos Aires","La Matanza","La Matanza","Villa Celina","Escuela Secundaria N° 10  (Escuela Primaria Jose Antonio Wilde 137)","Martin Ugarte entre Olavarria y Lacarra",19,4534,-34.6988465,-58.488696,0,4534,"Escuela Secundaria Nº10",19,"La Matanza",1101110413025060,124.3232,440.981,109.65213672723428
-34.75,-58.5,153,"Argentina","Buenos Aires","La Matanza","La Matanza","Villa Celina","Escuela de Educación Primaria  Nº 138 Comandante Luis Piedrabuena (Centro de Educación Física CEF 112)","Av. San Martin 7200 E/ Chavez y Loberia",26,6191,-34.7026977,-58.4896985,0,6191,"Escuela De Educación Primaria  Nº 138 Comandante Luis Piedrabuena",26,"La Matanza",1101110413025177,124.3232,440.534,108.91944294262942
-34.75,-58.25,109,"Argentina","Buenos Aires","Berazategui","Berazategui","12 de Octubre","Escuela Secundaria Nº6 Juan Domingo Peron","Calle 101 entre calle 8 y 9 esq./ a dos cuadras de la Autopista Manuel Belgrano/ Cementerio",10,2375,-34.7862063,-58.2553167,-236,2611,"Escuela Secundaria Nº6 Juan Domingo Peron",11,"Berazategui",1101110413825063,8.4656,540.89,91.6073411737604
-34.75,-58.25,117,"Argentina","Buenos Aires","Quilmes","Quilmes","Ezpeleta","Esc Primaria Nro 52 Gral. Bartolome Mitre.","Minuto Esq. Ecuador y Baradero 4703/8 cuadras de la Av.Florencio Varela, Buenos Aires, Argentina",13,2916,-34.748497,-58.238205,0,2916,"Esc Primaria Nro 52 Gral. Bartolome Mitre.",13,"Quilmes",1101110413925186,8.4656,547.624,97.08958252334465
-34.5,-59,134,"Argentina","Buenos Aires","Pilar","Pilar","Pilar","Escuela De Educación Primaria Nº26 Lorenzo López","Belgrano 787 Esq Independencia y L Lopez, Pilar Centro, Buenos Aires, Argentina",15,3355,-34.4603216,-58.9139219,0,3355,"Escuela De Educación Primaria Nº26 Lorenzo López",15,"Pilar",1101110414225147,5.368,308.799,149.69487359852027
-34.5,-58.5,79,"Argentina","Buenos Aires","Buenos Aires","C.A. Buenos Aires","C.A. Buenos Aires","Escuela Técnica Nº 29
D.E. 06 Reconquista de Buenos Aires","Av. Boedo n°760 Independencia y EEUU",7,1533,-34.6217014,-58.4163844,0,1533,"Escuela Técnica Nº 29 D.E. 06 Reconquista de Buenos Aires ",7,"C.A. Buenos Aires",1101110361125162,31.6624,471.218,123.62133731358688
-34.5,-58.5,84,"Argentina","Buenos Aires","Buenos Aires","C.A. Buenos Aires","C.A. Buenos Aires","Escuela N° 16  de 13 Dr. Tomás A. Le Bretón","Av. Gral. Eugenio Garzon 4346, entre Florentino Ameghino y Moreto, Buenos Aires",7,1677,-34.570589,-58.4896372,0,1677,"Escuela N° 16  de 13 Dr. Tomás A. Le Bretón",7,"C.A. Buenos Aires",1101110361125175,31.6624,441.4,134.46431135629047
-34.5,-58.5,89,"Argentina","Buenos Aires","Buenos Aires","C.A. Buenos Aires","C.A. Buenos Aires","Esc. Primaria Común N° 03 Dr. Onésimo Leguizamón","Av. Santa Fe 1510 Parana  y montevideo",8,1900,-34.595929,-58.388661,0,1900,"Esc. Primaria Común N° 03 Dr. Onésimo Leguizamón",8,"C.A. Buenos Aires",1101110361125157,31.6624,482.453,128.20401085354473
-34.5,-58.5,90,"Argentina","Buenos Aires","Buenos Aires","C.A. Buenos Aires","C.A. Buenos Aires","Centro Educativo Ns N° 30  De 8 De Nivel Secundario","AV. Eva Peron 1502, Calle Miro y Primera Junta",9,1945,-34.6036844,-58.3815591,0,1945,"Centro Educativo Ns  N° 30  De 8 De Nivel Secundario",9,"C.A. Buenos Aires",1101110361125161,31.6624,485.411,126.6208498543196
-34.5,-58.5,93,"Argentina","Buenos Aires","Buenos Aires","C.A. Buenos Aires","C.A. Buenos Aires","Esc. de Educacion Media N° 06/01° Padre Carlos Mugica","Calle Letonia y Av. Antartida Argentina, Buenos Aires Argentina",9,2058,-34.6036844,-58.3815591,0,2058,"Esc. de Educacion Media N° 06/01° Padre Carlos Mugica",9,"C.A. Buenos Aires",1101110361125058,31.6624,485.411,126.6208498543196
-34.5,-58.5,98,"Argentina","Buenos Aires","Buenos Aires","C.A. Buenos Aires","C.A. Buenos Aires","Esc. De Educación Media N° 02/13° Escuela del Parque","Avenida Lacarra 1151,  San Pedro, Francisco Bilbao",10,2212,-34.6036844,-58.3815591,0,2212,"Esc. De Educación Media N° 02/13° Escuela del Parque",10,"C.A. Buenos Aires",1101110361125056,31.6624,485.411,126.6208498543196
-34.5,-58.5,102,"Argentina","Buenos Aires","Buenos Aires","C.A. Buenos Aires","C.A. Buenos Aires","Escuela De Jornada Completa Nº 18 D.E. 20 República de Corea","Murguiondo 76, Capital Federal Liniers, Rivadavia (11008) y Lorenzo Falcon",11,2422,-34.6036844,-58.3815591,0,2422,"Escuela De Jornada Completa Nº 18 D.E. 20 República de Corea ",11,"C.A. Buenos Aires",1101110361125166,31.6624,485.411,126.6208498543196
-34.5,-58.5,121,"Argentina","Buenos Aires","Buenos Aires","C.A. Buenos Aires","C.A. Buenos Aires","Esc. Primaria Común Nº 16 Presidente Bartolome Mitre","Sarmiento 2832",13,2958,-34.6036844,-58.3815591,0,2958,"Esc. Primaria Común Nº 16 Presidente Bartolome Mitre",13,"C.A. Buenos Aires",1101110361125055,31.6624,485.411,126.6208498543196
-34.5,-58.5,125,"Argentina","Buenos Aires","Buenos Aires","C.A. Buenos Aires","C.A. Buenos Aires","Escuela Jornada Simple N° 22 De 13 Santa Maria de Bs. As","Echeandia 5650, Capital Federal Villa Lugano, avenida Larrazabal y Oliden",13,3084,-34.6036844,-58.3815591,0,3084,"Escuela Jornada Simple  N° 22 De 13 Santa Maria de Bs. As",13,"C.A. Buenos Aires",1101110361125174,31.6624,485.411,126.6208498543196
-34.25,-58.75,99,"Argentina","Buenos Aires","Escobar","Escobar","Belén de Escobar","Escobar-Esc. Secundaria Basica Nº23","Los Perales 2524, Esq Orquideas y Azucenas, Belén de Escobar, Buenos Aires, Argentina",10,2280,-34.3379903,-58.7768132,0,2280,"Escobar-Esc. Secundaria Basica Nº23",10,"Escobar",1101110414125146,3.648,350.976,176.55811325614627
-33.75,-69,81,"Argentina","Mendoza","San Carlos","San Carlos","Villa San Carlos","Escuela Fuerte San Carlos","Calle Independencia y Valle, San Carlos, Mendoza, Argentina",6,1375,-33.7723286,-69.0414028,-234,1609,"Escuela Fuerte San Carlos",7,"San Carlos",1101111414525150,2.2,124.302,71.49371410286697
-33.5,-70.75,144,"Chile","Metropolitana","Santiago","Santiago","Santiago","Parroquia Latinoamericana Nuestra Señora De Pompeya","Gral Bustamante 180, Providencia, Región Metropolitana, Chile",17,3983,-33.4437339,-70.6306261,0,3983,"Parroquia Latinoamericana Nuestra Señora De Pompeya",17,"Santiago",1104436377925104,6.3728,85.8489,108.90426095979852
-33.25,-69,104,"Argentina","Mendoza","Luján de Cuyo","Luján de Cuyo","Ugarteche","Escuela Luis Baldini","Ruta Provinsial 15 Km. 36 Cruce ruta provincial 86, Provincia de Mendoza, Argentina",11,2531,-33.2012158,-68.8908216,0,2531,"Escuela Luis Baldini",11,"Luján de Cuyo",1101111414425149,4.0496,134.41,120.31437025362737
-33.25,-66.25,37,"Argentina","San Luis","Juan Martín de Pueyrredón","San Luis","San Luis","Escuela Normal de Ninas Paula Dominguez de Bazan","Junín 934, D5702JOD San Luis, Argentina",2,384,-33.301379,-66.3368986,0,384,"Escuela Normal de Ninas Paula Dominguez de Bazan",2,"San Luis",1101191438226094,0.6144,184.21,114.0748197013277
-33,-68.75,135,"Argentina","Mendoza","Maipú","Maipú","Rodeo del Medio","Escuela “John Fitzgerald Kennedy”","Ruta Provinsial 50 S/N y Ruben Dario Rodeo del Medio-Maipu, Mendoza, Argentina",15,3401,-32.9900693,-68.6882897,0,3401,"Escuela “John Fitzgerald Kennedy”",15,"Maipú",1101111414325148,11.656,150.268,143.93197283560474
-33,-68.75,145,"Argentina","Mendoza","Capital","Capital","Mendoza","Escuela “Patricias Mendocinas”","Calle Gutiérrez 338 Mendoza Capital",17,3884,-32.8878291,-68.8432079,-234,4118,"Escuela “Patricias Mendocinas”",18,"Capital",1101111361225065,11.656,141.705,152.96761948985315
-33,-64.25,33,"Argentina","Cordoba","Río Cuarto","Río Cuarto","Río Cuarto","Escuela Leopoldo Lugones","Fray Quirico Porreca 1310, X5804 Río Cuarto, Córdoba, Argentina",2,296,-33.1106051,-64.2998686,0,296,"Escuela Leopoldo Lugones",2,"Río Cuarto",1101121437326085,0.4736,184.952,96.92037809046005
-32.5,-63.25,41,"Argentina","Cordoba","General San Martín","Villa María","Villa María","IPEM Nº 147 Manuel Anselmo Ocampo","Ciudad de Villa Maria, Calle Catamarca 650, entre Calles Estados Unidos y Jose Rucci",2,414,-32.4120743,-63.2495373,0,414,"IPEM Nº 147 Manuel Anselmo Ocampo",2,"Villa María",1101121414725193,0.6624,223.001,166.33278992116928
-32,-65,18,"Argentina","Cordoba","San Javier","Villa Dolores","Villa Dolores","Sede de los Ladrilleros de la Colectividad Boliviana La Valle de Traslasierra","Calle Luis de Tejada entre Avenida Traslasierra",1,152,-31.9523689,-65.1048942,0,152,"C.I.C. Dispensario",1,"Villa Dolores",1101121437426086,0.2432,208.593,179.87777732971523
-31.75,-68.5,55,"Argentina","San Juan","Pocito","Pocito","La Rinconada - Pocito","Escuela Dr. Antonio Aberastain School","Fray J Sta M de Oro 233, Pocito Aberastain, San Juan, Argentina",3,605,-31.6576369,-68.5801876,0,605,"Escuela Dr. Antonio Aberastain School",3,"Pocito",1101190438126093,0.968,165.638,210.56042106741285
-31.75,-60.75,72,"Argentina","Santa Fe","Santa Fe","Rosario","Rosario","Escuela República de Bolivia","Calle La Paz 3035, Rosario, Santa Fe, Argentina",5,1185,-31.627051,-60.705411,0,1185,"Escuela República de Bolivia",5,"Rosario",1101120376125086,1.896,345.043,270.2426603353103
-31.5,-64.25,80,"Argentina","Cordoba","Capital","Cordoba","Cordoba","CPC Villa El Libertador","Av. Armada Argentina 1650, Villa Libertador",7,1499,-31.467142,-64.2250657,-66,1565,"CPC Villa El Libertador",8,"Cordoba",1101121376225154,5.9152,240.315,210.85295156370168
-31.5,-64.25,97,"Argentina","Cordoba","Capital","Cordoba","Cordoba","IPEM Nº 86 Gabriela Mistral","Av. Humberto Primo 147, Centro, X5000 FAC",10,2198,-31.4096162,-64.1835341,0,2198,"IPEM Nº 86 Gabriela Mistral",10,"Cordoba",1101121376225087,5.9152,246.524,216.78850230996898
-29.5,-67.5,47,"Argentina","La Rioja","Chilecito","Chilecito","Vichigasta","Delegacion Municipal de Vichigasta","Calle Angel Nardillo, Barrio La Plaza",3,496,-29.5011754,-67.5001461,0,496,"Delegacion Municipal de Vichigasta",3,"Chilecito",1101188437826090,0.7936,198.14,226.05835198559774
-29,-59,44,"Argentina","Corrientes","Lavalle","Santa Lucía","Santa Lucía","Centro Integrador Comunitario de la Municipalidad de Santa Lucia (CIC)","Sta Lucía 275, Goya, Corrientes, Argentina",2,468,-28.9900786,-59.101503,0,468,"Centro Integrador Comunitario de la Municipalidad de Santa Lucia (CIC)",2,"Santa Lucía",1101187437526087,0.7488,448.649,314.81376059651234
-27.25,-70.25,73,"Chile","Atacama","Copiapó","Copiapó","Copiapó","Escuela Pedro León Gallo","Calle Miraflores 860, Copiapó, Chile",6,1257,-27.3607135,-70.3286919,0,1257,"Salon Alicanto - Dependencias Municipales",6,"Copiapó",1104494438926101,2.0112,107.769,199.03756905098106
-27,-65.25,42,"Argentina","Tucumán","Lules","Lules","Lules","Casa del Sr. Tomas Serrano","pasaje Humberto Delgado 373,",2,433,-26.9255515,-65.337851,0,433,"Casa del Sr. Tomas Serrano",2,"Lules",1101193438526097,0.6928,252.501,248.2294684323233
-25.25,-57.75,46,"Paraguay","Dist. Capital","Distrito Capital","Asunción","Asunción","Embajada","Calle Israel 309, esq Rio de Janeiro, Barrio las Mercedez",2,485,-25.2842228,-57.6335394,0,485,"Embajada",2,"Asunción",1118143378625111,0.776,474.775,325.9076889564322
-24.75,-65.5,107,"Argentina","Salta","Capital","Salta","Salta","Colegio Nacional Salta N° 5080","Gral. Martin Güemes 47, Salta, Argentina",11,2590,-24.7870885,-65.4031177,0,2590,"Colegio Nacional Salta N° 5080",11,"Salta",1101122376325088,4.144,264.976,267.41980302699614
-24.5,-65,60,"Argentina","Jujuy","El Carmen","Perico","Perico","Centro Integrador Comunitario (CIC)","Calle 23 de Agosto esq Humahuaca y Yavi, Barrio San Calletano, Jujuy, Argentina",2,400,-24.3821629,-65.1200729,-400,800,"Centro Integrador Comunitario (CIC) - 26088 - Perico",4,"Perico",1101112437626088,0.64,325.389,300.2845469908782
-24.25,-65.25,52,"Argentina","Jujuy","San Pedro","San Pedro de Jujuy","San Pedro","Centro Integrador Comunitario (CIC)","Av. 25 de Mayo, Barrio Libertad, San Pedro de Jujuy, Argentina",2,280,-24.2627545,-65.2271259,-280,560,"Centro Integrador Comunitario (CIC - 26089 - Jujuy",4,"San Pedro de Jujuy",1101112437726089,12.9792,317.588,304.30196977801694
-24.25,-65.25,159,"Argentina","Jujuy","Dr. Manuel Belgrano","San Salvador de Jujuy","San Salvador de Jujuy","Escuela Normal Superior Juan Ignacio Gorriti","Calle Gral. Lavalle 101-199, Y4600EAC San Salvador de Jujuy, Jujuy, Argentina",33,7832,-24.1871944,-65.3033925,-239,8071,"Escuela Normal Superior Juan Ignacio Gorriti",34,"San Salvador de Jujuy",1101112361325066,12.9792,312.862,307.0605941716373
-23.75,-70.5,154,"Chile","Antofagasta","Antofagasta","Antofagasta","Antofagasta","Liceo Tecnico Humanistico A-14, Antofagasta","21 de Mayo 400, Antofagasta, Región de Antofagasta, Chile",30,6929,-23.6506867,-70.4019402,0,6929,"Liceo Tecnico Humanistico A-14, Antofagasta",30,"Antofagasta",1104438378125106,11.0864,121.552,247.3514392931696
-23.5,-46.75,65,"Brasil","Sao Paulo","Sao Paulo","Carapicuíba","Carapicuíba","Esc. Mun. Educ. Fundamental Professora Nai Molina do Amaral","R. Serra Agulhas Negras, 14 - Jardim Planalto, Carapicuíba - SP, 06362- 170, Brasil",4,964,-23.555835,-46.8417485,0,964,"Esc. Mun. Educ. Fundamental Professora Nai Molina do Amaral",4,"Carapicuíba",1103418438626098,17.2912,643.511,250.68718873985677
-23.5,-46.75,111,"Brasil","Sao Paulo","Sao Paulo","Sao Paulo","Sao Paulo","Esc. Mun. Edu. Fundamental Vereador Antonio Sampaio","Esc. Mun. Edu.Fundamental Vereador Antonio Sampaio",12,2628,-23.5142859,-46.6265313,0,2628,"Esc. Mun. Edu.Fundamental Vereador Antonio Sampaio",12,"Sao Paulo",1103418361925079,17.2912,688.287,236.51041425924367
-23.5,-46.75,139,"Brasil","Sao Paulo","Sao Paulo","Sao Paulo","Sao Paulo","Escuela Estadual Marechal Deodoro","R. dos Italianos, 405 - Bom Retiro, São Paulo - SP, Brasil",13,2918,-23.5262688,-46.6430139,-711,3629,"Escuela Estadual Marechal Deodoro",16,"Sao Paulo",1103418361925201,17.2912,686.174,236.0917872208242
-23.5,-46.75,147,"Brasil","Sao Paulo","Sao Paulo","Sao Paulo","Sao Paulo","Escuela Estadual Prof. Colombo De Almeida","Rua Graciano Altierio, 114 - Casa Verde, São Paulo - SP, 02545-060, Brasil",19,4297,-23.5505199,-46.6333094,0,4297,"Escuela Estadual Prof. Colombo De Almeida",19,"Sao Paulo",1103418361925078,17.2912,692.827,230.87910533563078
-23.5,-46.5,71,"Brasil","Sao Paulo","Sao Paulo","Guarulhos","Guarulhos","Centro da Integraçäo da Cidadania","Estrada do Capäo Bonito, 53",5,1137,-23.4681516,-46.524713,0,1137,"Centro da Integraçäo da Cidadania",5,"Guarulhos",1103418415126122,51.0832,706.505,234.39830487867604
-23.5,-46.5,82,"Brasil","Sao Paulo","Sao Paulo","Mauá","Mauá","Escola Estadual Walter Belian","R. São Sérgio, 33 - Jardim Santa Adelia, São Paulo - SP, 03972-000, Brasil",7,1636,-23.6130138,-46.4825089,0,1636,"Escola Estadual Walter Belian",7,"Mauá",1103418415525083,51.0832,740.514,204.36215915639264
-23.5,-46.5,118,"Brasil","Sao Paulo","Sao Paulo","Guarulhos","Guarulhos","Escola Prefeitura Guarulhos Prof. Silvia de Cassia Matias","Rua Conceiçäo da Barra, 194 Barrio Jardin Santa Ines",13,2917,-23.429274,-46.504781,0,2917,"Escola Prefeitura Guarulhos Prof. Silvia de Cassia Matias",13,"Guarulhos",1103418415126121,51.0832,705.07,239.36092680855478
-23.5,-46.5,128,"Brasil","Sao Paulo","Sao Paulo","Sao Paulo","Sao Paulo","Escuela Estadual Orestes Guimarães","Rua Canindé, 153 - Canindé, São Paulo - SP, 03053-000,
Brasil",14,3104,-23.5332439,-46.6240453,0,3104,"Escuela Estadual Orestes Guimarães",14,"Sao Paulo",1103418361925205,51.0832,692.183,232.94828702328599
-23.5,-46.5,142,"Brasil","Sao Paulo","Sao Paulo","Sao Paulo","Sao Paulo","Escola Municipal Ensino Fundamental Analia Franco Bastos","Av. Ariston Azevedo, 20 Belenzinho",15,3554,-23.5275395,-46.5999671,-225,3779,"Escola Municipal Ensino Fundamental Analia Franco Bastos",16,"Sao Paulo",1103418361926123,51.0832,697.303,231.49944112221283
-23.5,-46.5,148,"Brasil","Sao Paulo","Sao Paulo","Sao Paulo","Sao Paulo","Escuela Estadual Provincia de Nagasaki","R. Dorandia, 158 - Jd Brasil (Zona Norte), São Paulo - SP, 02234-080, Brasil",19,4352,-23.4775916,-46.5717637,0,4352,"Escuela Estadual Provincia de Nagasaki",19,"Sao Paulo",1103418361925200,51.0832,696.058,237.39833367368325
-23.5,-46.5,150,"Brasil","Sao Paulo","Sao Paulo","Sao Paulo","Sao Paulo","Inst. Ciencia Tecnologia São Paulo","R. Pedro Vicente, 625 - Canindé, São Paulo - SP, 01109-010, Brasil",22,5070,-23.5238776,-46.622348,0,5070,"Inst. Ciencia Tecnologia  São Paulo",22,"Sao Paulo",1103418361925202,51.0832,691.002,234.41185235254198
-23.5,-46.5,151,"Brasil","Sao Paulo","Sao Paulo","Sao Paulo","Sao Paulo","Escuela Técnica Estadual Carlos de Campos","R. Monsenhor Andrade, 798 - Brás, São Paulo - SP, 03009-100, Brasil",21,4939,-23.5383059,-46.6216596,-237,5176,"Escuela Técnica Estadual Carlos de Campos",22,"Sao Paulo",1103418361925204,51.0832,693.657,231.82115059003422
-23.5,-46.5,152,"Brasil","Sao Paulo","Sao Paulo","Sao Paulo","Sao Paulo","Escuela Estadual Eduardo Prado","R. Alm. Barroso, 225 - Brás, São Paulo - SP, 03025-000, Brasil",22,5218,-23.5372312,-46.6126881,-475,5693,"Escuela Estadual Eduardo Prado",24,"Sao Paulo",1103418361925305,51.0832,695.739,231.09498600966373
-23.5,-46.25,67,"Brasil","Sao Paulo","Sao Paulo","Itaquaquecetuba","Itaquaquecetuba","Escuela Estadual Homero Fernando Milano","Escuela Estadual Homero Fernando Milano",5,998,-23.48194,-46.352921,0,998,"Escuela Estadual Homero Fernando Milano",5,"Itaquaquecetuba",1103418438726099,1.5968,751.503,214.99331092841047
-23.25,-64.25,68,"Argentina","Salta","Orán","San Ramón de la Nueva Orán","San Ramón de la Nueva Orán","Escuela De Comercio Julio Cortez Nº 5091","Zona Central, Calle Arenales N 628, San Ramon de la Nueva Oran, Salta, Argentina",5,1083,-23.1369094,-64.3231212,0,1083,"Escuela De Comercio Julio Cortez Nº 5091",5,"San Ramón de la Nueva Orán",1101122376525090,1.7328,416.596,358.7865555152234
-23,-43.25,34,"Brasil","Río de Janeiro","Río de Janeiro","Río de Janeiro","Río de Janeiro","Consulado","Avenida Rui Barbosa N 664, Barrio de Flamengo",2,314,-22.9114492,-43.173993,0,314,"Consulado",2,"Río de Janeiro",1103433377625101,0.5024,882.702,181.66348391159937
-22.5,-69,161,"Chile","Antofagasta","El Loa","Calama","Calama","Escuela Básica D-37 República de Bolivia","Emilio Sotomayor 2254, Calama, Región de Antofagasta, Chile",38,8932,-22.462751,-68.928772,0,8932,"Escuela Básica D-37 República de Bolivia",38,"Calama",1104438378225107,14.2912,226.485,314.14124264013486
-22.5,-63.75,8,"Argentina","Salta","General José de San Martín","Tartagal","Tartagal","Salón de la Cultura","San Martin y, A4560 Tartagal, Salta, Argentina",1,72,-22.5167622,-63.8056084,0,72,"Salón de la Cultura",1,"Tartagal",1101122438026092,0.1152,428.059,366.4744563669057
-22,-65.5,50,"Argentina","Jujuy","Yaví","La Quiaca","La Quiaca","Sede de Estudios Universitarios","Calle Republica Arabe Siria 300-400, casi esq 25 de Mayo, La Quiaca, Jujuy, Argentina",3,533,-22.1047159,-65.6000269,0,533,"Sede de Estudios Universitarios",3,"La Quiaca",1101112376025067,0.8528,370.411,369.6417166408214
-22,-63.75,39,"Argentina","Salta","General José de San Martín","Profesor Salvador Mazza","Profesor Salvador Mazza","Municipalidad De Profesor Salvador Mazza","Pocitos, Av. Gral. San Martin y Calle Gral. Balcarce",2,392,-22.0543953,-63.6862535,0,392,"Municipalidad De Profesor Salvador Mazza",2,"Profesor Salvador Mazza",1101122376425089,0.6272,426.161,373.0857548760854
-20.75,-49.5,49,"Brasil","Sao Paulo","Sao Paulo","Sao José do Rio Preto","Sao José do Rio Preto","Escola Municipal Nice Beolchi Nunes Ferreira","R. Indalécio Thomaz de Aquino, 2315 - Água Limpa III, Bady Bassitt - SP, 15115- 000, Brasil",3,500,-20.776485,-49.392103,0,500,"Escola Municipal Nice Beolchi Nunes Ferreira",3,"Sao José do Rio Preto",1103418438826100,0.8,465.256,374.6809173875699
-20.25,-70.25,155,"Chile","Tarapaca","Iquique","Iquique","Iquique","Colegio Bernardo O´higgins","Paseo Baquedano, entre calle Bulnes y Calle Orella, Iquique, Región de Tarapacá, Chile",29,6692,-20.21864,-70.15078,-239,6931,"Colegio Bernardo O´higgins",30,"Iquique",1104439378325108,10.7072,185.123,343.1892167433473
-19,-57.75,26,"Brasil","M.Grosso do Sul","Bajo Pantanal","Corumbá","Corumbá","Cyriaco Félix de Toledo","Calle Delamare esquina con Calle Major Gama CEP 79331-010",1,232,-19.0006759,-57.6578245,0,232,"Cyriaco Félix de Toledo",1,"Corumbá",1103478389726115,0.3712,447.45,370.16301139159543
-18.5,-70.25,131,"Chile","Arica","Arica","Arica","Arica","Colegio Integrado Eduardo Frei Montalva","Calle San Marcos 611, Arica, Región de Arica y Parinacota, Chile",14,3150,-18.4826722,-70.3173691,0,3150,"Colegio Integrado Eduardo Frei Montalva",14,"Arica",1104437378025105,5.04,202.942,374.4899574302539
-18,-70.25,22,"Perú","Tacna","Tacna","Tacna","Tacna","I. E. 42010 Santisima Niña Maria","Piura 126, Tacna 23001, Perú",1,222,-18.0059247,-70.2381341,0,222,"I. E. 42010 Santisima Niña Maria",1,"Tacna",1118247379025115,0.3552,230.853,386.85010554291955
-17.75,-71.25,7,"Perú","Moquegua","Moquegua","Ilo","Ilo","Consulado","Calle Bolivia N111 esq. Costa Rica, Edificio N2 de Minero",1,69,-17.6349479,-71.3366851,0,69,"Consulado",1,"Ilo",1118248379125116,0.1104,139.021,357.2808147532517
-16,-57.75,15,"Brasil","Mato Grosso","Cáceres","Cáceres","Cáceres","Instituto Educacional de Cáceres Ltda","R. Bom Jardim, 2-78 - Centro, Cáceres - MT, 78200-000, Brasil",1,141,-16.0704462,-57.6941258,0,141,"Instituto Educacional de Cáceres Ltda",1,"Cáceres",1103434377725102,0.2256,440.562,387.18951392272925
-15.75,-70,19,"Perú","Puno","Puno","Puno","Puno","Consulado","Jiron Cajamarca N 664",1,156,-15.8418365,-70.0289382,0,156,"Consulado",1,"Puno",1118246378925114,0.2496,261.905,397.3236626116563
-15.75,-48,9,"Brasil","Distr. Federal","Brasilia","Brasilia","Brasilia","Embajada de Bolivia","Quadra 809, Lote, Av. das Nações, 34, Cachoeira Dourada - MG, 38370-000,
Brasil",1,96,-15.8106145,-47.878755,0,96,"Embajada de Bolivia",1,"Brasilia",1103432377525100,0.1536,526.378,382.3930017541942
-13.5,-72,10,"Perú","Cusco","Cusco","Cusco","Cusco","Consulado de Bolivia","Oswaldo Baca 101, Cusco 08003, Perú",1,97,-13.5258534,-71.9479521,0,97,"Consulado de Bolivia",1,"Cusco",1118245378825113,0.1552,212.104,389.8921179973081
-12,-77,54,"Perú","Lima","Lima","Lima","Lima","Consulado","Calle los Castaños 206-240, San Isidro 15076, Perú",3,603,-12.0725195,-77.0368255,0,603,"Consulado",3,"Lima",1118244378725112,0.9648,128.853,356.1290063675097
-11,-68.75,6,"Brasil","Acre","Brasilea","Epitaciolândia","Epitaciolândia","Escuela Estadual Brasil Bolivia","R. Sao Raimundo, 26 Vila Vitoria",1,68,-11.0298343,-68.7404913,0,68,"Escuela Estadual Brasil Bolivia",1,"Epitaciolândia",1103479389626114,0.1088,278.407,401.8353386564048
-10.75,-65.25,56,"Brasil","Rondonia","Guajara Mirim","Guajara Mirim","Guajara Mirim","Consulado","Av. 15 de Novembro, 255 - St. 01, Guajará-Mirim - RO, 76850-000, Brasil",3,710,-10.791069,-65.3455069,0,710,"Consulado",3,"Guajara Mirim",1103435377825103,1.136,352.005,403.010687314046
-0.25,-78.5,23,"Ecuador","Pichincha","Quito","Quito","Quito","Embajada","Avenida Eloy Alfaro y Fernando Ayarza 2432",1,226,-0.1386874,-78.4675546,0,226,"Embajada",1,"Quito",1106142378525110,0.3616,185.432,393.13907233761597
4.75,-74,24,"Colombia","Cundinamarca","Bogotá","Bogotá","Bogotá","Embajada","Carrera. 9B #113-37, Zona Santa Barbara, Bogotá, Colombia",1,227,4.6390243,-74.0978715,0,227,"Embajada - Bogota",1,"Bogotá",1104941378425109,0.3632,247.191,407.95876600863517
10,-84,16,"Costa Rica","San José","San José","San José","San José","Embajada","A018, Freses, San José, Curridabat, 11801, Costa Rica",1,143,9.9426465,-84.1241732,0,143,"Embajada - San José",1,"San José - San José",1105351379425119,0.2288,165.873,397.4671069636322
10.5,-67,25,"Venezuela","Distr. Federal","Caracas","Caracas","Caracas","Escuela Experimental Venezuela","Patrimonio Cultural No. 012-2002 Av. México - Caracas. Distrito",1,230,10.5011176,-66.8990937,0,230,"Escuela Experimental Venezuela",1,"Caracas",1123750379325118,0.368,345.716,418.0720406579322
12.25,-86.25,4,"Nicaragua","Managua","Managua","Managua","Managua","Embajada","Walmart, de Semaforos del Guanacaste 100 mts al sur 150mts al oeste, casa N° 73., Managua 12068, Nicaragua",1,34,12.1344705,-86.2836257,0,34,"Embajada",1,"Managua",1117195439026102,0.0544,155.14,398.21022557168544
19.5,-99.25,36,"México","México D.F.","México D.F.","México D.F.","México D.F.","Embajada","Anzures, 11590 Ciudad de México, CDMX, México",2,372,19.4283466,-99.1663037,0,372,"Embajada",2,"México D.F.",1115454379725122,0.5952,107.701,398.3584105098367
23.25,-82.25,40,"Cuba","La Habana","La Habana","La Habana","La Habana","Embajada","Calle 44 N° 305, entre 3ra. y 3ra.  Reparto Miramar, Playa",2,399,23.1383326,-82.348583,0,399,"Embajada",2,"La Habana",1105552379526116,0.6384,181.09,413.63412267490986
26,-80.25,58,"Estados Unidos","Florida","Miami-Dade","Miami-Dade","Miami","Sistema Universitario Ana  G. Mendez","15201  NW T9TH CT, MIAMI IAKES, FL33016",4,780,25.9113667,-80.3291926,0,780,"Sistema Universitario Ana  G. Mendez",4,"Miami-Dade",1106226376925094,1.248,210.521,422.2804389359512
28.5,77.25,0,"India","Delhi","Delhi","Nueva Delhi","Nueva Delhi","Embajada","14/15 First Floor, E block, Vasant Vihar, behind E block Market, Block E, Vasant Vihar, New Delhi, Delhi 110057, India",1,9,28.5991797,77.218983,0,9,"Embajada",1,"Nueva Delhi",1110768381125136,0.0144,1095.61,336.2595711550607
29.75,-95.25,43,"Estados Unidos","Texas","Harris","Harris","Houston","Consulado General Houston","2401  Fountain View Dr. Suite 110 Houston Texas, 77057",2,445,29.7604267,-95.3698028,0,445,"Consulado General Houston",2,"Harris",1106286407426119,0.712,121.276,428.625856250478
30,31.25,2,"Egipto","El Cairo","El Cairo","El Cairo","El Cairo","Embajada","21B Amman St. Mohy El Din About El Ezz Dokki, Giza",1,14,30.0623436,31.222592,0,14,"Embajada",1,"El Cairo",1106367381025135,0.0224,1035.13,305.8534442035619
34,-118.25,45,"Estados Unidos","California","Los Angeles","Los Angeles","Los Angeles","Orange County Educational Arts Academy","Broadway N 825, Santa Ana, CA 92701, EE. UU.",2,478,34.0694355,-118.1672019,0,478,"Orange County Educational Arts Academy",2,"Los Angeles",1106225376825093,0.7648,68.9328,434.63449578288345
35.75,51.5,1,"Irán","Teherán","Teherán","Teherán","Teherán","Embajada","79. Ghareh Tapei St., Saadat Abad, Ave, Teheran",1,11,35.7679301,51.4486796,0,11,"Embajada",1,"Teherán",1111469381225137,0.0176,1063.21,356.68719995744135
35.75,139.75,29,"Japón","Kanto","Tokio","Tokio","Tokio","Embajada","No. 38 Kowa Building 8th Floor, Room 804, Nishi- Azabu 4-12-24, Minato-ku",1,249,35.676904,139.739676,0,249,"Embajada",1,"Tokio",1112971381425139,0.3984,1183.97,372.85212940910594
36.75,-4.5,31,"España","Andalucia","Málaga","Málaga","Málaga","Centro de Acción Exterior del Ayuntamiento de Málaga","Calle Muro de San Julian No 33 (Código postal 29008)",2,275,36.7202301,-4.4149224,0,275,"Centro de Acción Exterior del Ayunatamiento de Málaga",2,"Málaga",1106730439226104,0.44,799.439,295.55089852367365
37.25,-3.5,61,"España","Andalucia","Granada","Granada","Granada","Centro Cívico Zaidín","Calle Andres Segovia N 60, Zaidín, 18007 Granada, España",4,809,37.1579898,-3.5957935,0,809,"Centro Cívico Zaidín",4,"Granada",1106730439326105,1.2944,792.133,304.90698265080994
37.5,-6,138,"España","Andalucia","Sevilla","Sevilla","Sevilla","Centro Social Polivalente Hogar Virgen De Los Reyes","Calle Fray Isidoro de Sevilla, 1, 41009 Sevilla, España",16,3623,37.4045723,-5.9855266,0,3623,"Centro Social Polivalente Hogar Virgen De Los Reyes",16,"Sevilla",1106730377325098,5.7968,659.244,368.37415962091524
37.5,127,3,"República De Corea Del Sur","Seúl","Seúl","Seúl","Seúl","Embajada","Euljiro 6(yuk)-ga, Jung- gu, Seúl, Corea del Sur",1,28,37.5694395,126.9788251,0,28,"Embajada",1,"Seúl",1105273381625141,0.0448,1165.8,383.6263852048588
38,-1.25,157,"España","Murcia","Murcia","Murcia","Murcia","Camara de Comercio de Murcia","Plaza de San Bartolome, 3 CP-30004",32,7576,37.9851608,-1.1309282,-239,7815,"Camara de Comercio de Murcia",33,"Murcia",1106727377026118,12.1216,860.086,288.1814656831829
38.75,-77.25,136,"Estados Unidos","Virginia","Fairfax","Fairfax","Fairfax Springfield","Lee High School","Lee Highway, 6540 Franconia Rd, Springfield, VA 22150",15,3409,38.7807265,-77.1703083,0,3409,"Lee High School",15,"Fairfax",1106213415625068,5.4544,225.223,455.2055578560658
38.75,-77,100,"Estados Unidos","Virginia","Arlington","Arlington","Arlington","Drew Model Elementary School","3500 23rd St S, Arlington, VA 22206, EE. UU.",10,2329,38.8484488,-77.0868857,0,2329,"Drew Model Elementary School",10,"Arlington",1106213361425300,8.736,237.498,458.5591611408466
38.75,-77,129,"Estados Unidos","Virginia","Arlington","Arlington","Arlington","Wakefield High School","1325 S Dinwiddie St, Arlington, VA 22206, EE. UU.",14,3131,38.8477401,-77.1117173,0,3131,"Wakefield High School",14,"Arlington",1106213361425301,8.736,233.83,458.49787528761
39,-77,17,"Panamá","Panamá","Panamá","Panamá","Panamá","Embajada","Calle Andres Bello, Zona El Cangrejo",1,152,38.9228248,-77.0578767,0,152,"Embajada",1,"Panamá",1118053379625121,3.424,241.522,462.15429472105143
39,-77,30,"Estados Unidos","Dist. Columbia","Washington D.C.","Washington D.C.","Washington D.C.","Carlos Rosario International Public Charter School","1100 Harvard St NW, Washington, DC 20009, EE. UU.",1,251,38.9263689,-77.0276499,0,251,"Carlos Rosario International Public Charter School",1,"Washington D.C.",1106224376725092,3.424,245.918,462.3518277447604
39,-77,86,"Estados Unidos","Maryland","Montgomery","Montgomery","Wheaton","Casa of Maryland","8151 15th Ave, Adelphi, MD 20783, EE. UU.",8,1737,39.0398469,-77.0567576,0,1737,"Casa of Maryland",8,"Montgomery",1106219362025085,3.424,241.275,467.7417475456287
39.5,-0.25,163,"España","Valencia","Valencia","Valencia","Valencia","Universidad Politécnica De Valencia","Camí de Vera, s/n, 46022 València, España",39,9213,39.4807985,-0.3406299,0,9213,"Universidad Politécnica De Valencia",39,"Valencia",1106717361825076,14.7408,842.287,354.78736793973405
39.5,2.75,110,"España","Islas Baleares","Palma de Mallorca","Palma de Mallorca","Palma de Mallorca","Centro Educativo Infantil y Primaria CEIP Aina Moll i Marques","Plaza del Bisbe de Palou 6",10,2388,39.5765961,2.6490275,-239,2627,"Centro Educativo Infantil y Primaria CEIP Aina Moll i Marques",11,"Palma de Mallorca",1106731377426117,3.8208,964.307,274.67760823903524
40,116.5,5,"China","Beijing","Beijing","Beijíng","Beijín","Embajada","Liang Ma He (Sur)N 14, Distrito Chaoyang",1,61,39.943989,116.456022,0,61,"Embajada",1,"Beijing",1104570381325138,0.0976,1150.8,391.6293343477973
40.5,-3.75,143,"España","Madrid","Madrid","Madrid","Madrid","Colegio Público República Del Uruguay","Av. de Ntra. Sra. de Valvanera, 120, 28047 Madrid, España",17,3949,40.3936446,-3.7414469,0,3949,"Colegio Público República Del Uruguay",17,"Madrid",1106715361625071,32.2304,664.346,408.6568433901064
40.5,-3.75,158,"España","Madrid","Madrid","Madrid","Madrid","Colegio Público Jorge Manrique","Plaza del Pintor Lucas, 17 28026 Madrid España",32,7444,40.3880939,-3.7103423,-478,7922,"Colegio Público Jorge Manrique",34,"Madrid",1106715361625072,32.2304,669.956,407.08127712421344
40.5,-3.75,162,"España","Madrid","Madrid","Madrid","Madrid","Instituto de Enseñanza Superior (IES) Cervantes","Calle de Embajadores, 70. CP 28012",37,8751,40.4059452,-3.7031945,-238,8989,"Instituto De Enseñanza Superior(Ies) Cervantes",38,"Madrid",1106715361625070,32.2304,669.741,408.45386773681145
40.75,-74,53,"Estados Unidos","New Jersey","New Jersey","Passaic","Passaic","St. John Lutheran Church of Passaic","140 Lexington Avenue,
Passaic, NJ 07055",3,599,40.8590306,-74.1227485,0,599,"Our Lady of Mt Carmel Catholic Church",3,"Passaic",1106281389525153,2.7616,341.139,482.9270091947775
40.75,-74,70,"Estados Unidos","New York","New York","New York","New York","Public School 69","77-02 37th Ave, Jackson Heights, NY 11372, EE. UU.",5,1127,40.748779,-73.888449,0,1127,"Public School 69 Jackson Heights",5,"New York",1106214361525069,2.7616,360.69,474.9726380907731
41.5,2,141,"España","Cataluña","Barcelona","Barcelona","Barcelona","Sala Polivalent Del Parc Del Nord","Ronda de Navacerrada, 47-37, 08207 Sabadell, Barcelona, España",16,3647,41.5700108,2.0936381,0,3647,"Sala Polivalent Del Parc Del Nord",16,"Barcelona",1106716361725075,5.8352,881.93,412.87461072201097
41.5,2.25,160,"España","Cataluña","Barcelona","Barcelona","Barcelona","Pabellon Municipal De Deportes","08901 Hospitalet de Llobregat, Barcelona, España",37,8669,41.3997155,2.2112157,0,8669,"Pabellon Municipal De Deportes",37,"Barcelona",1106716361725074,28.9984,907.463,385.4145560885348
41.5,2.25,164,"España","Cataluña","Barcelona","Barcelona","Barcelona","CEM Olimpics (Vall D’Hebron)","08035 Barcelona, España",40,9455,41.4276162,2.1451775,0,9455,"CEM Olimpics (Vall D’Hebron)",40,"Barcelona",1106716361725073,28.9984,897.617,392.36820502963656
41.75,-71.5,64,"Estados Unidos","Rodhe Island","Rodhe Island","Providence","Providence","Providence City Hall","25 Dorrance St, Providence, RI 02903, EE. UU.",2,468,41.824134,-71.412913,-468,936,"Providence City Hall",4,"Providence",1106280389425152,0.7488,384.433,477.614387170522
42,12.5,62,"Italia","Lazio","Roma","Roma","Roma","Iglesia Santa Maria Addolorata","Via Tagliamento  2, CP 00198, Roma RM, Italia",4,810,41.9182599,12.5007438,0,810,"Iglesia Santa Maria Adoloratta",4,"Roma",1112456379925124,1.296,1019.81,329.18013669320356
43.25,-3,156,"España","Euskadi","Vizcaya","Bilbao","Bilbao","Bilbao Exhibition Centre","Calle Ronda de Azkue, 48902 Baracaldo, Vizcaya, España",29,6807,43.2882308,-2.9907706,-478,7285,"Bilbao Exhibition Centre",31,"Bilbao",1106729377225097,10.8912,669.743,487.65172125521394
45.5,-75.75,12,"Canadá","Ontario","Ottawa","Ottawa","Ottawa","Embajada de Bolivia","Varette Building, 130 Albert St, Ottawa, ON K1P 1B1, Canadá",1,111,45.4210912,-75.6971174,0,111,"Embajada de Bolivia",1,"Ottawa",1104055379825123,0.1776,275.299,503.24348899812145
45.5,9.25,106,"Italia","Lombardía","Milán","Milán","Milán","Liceo Linguistico Manzoni","Via Grazia Deledda, 11, 20127 Milano MI, Italia",11,2562,45.4877014,9.2157091,0,2562,"Liceo Linguistico Manzoni",11,"Milán",1112457380125126,4.0992,987.713,425.21242608998097
45.75,9.75,132,"Italia","Lombardía","Bérgamo","Bérgamo","Bérgamo","Instituto Paritario Imiberg","Via Santa Lucia, 14, 24128 Bergamo BG, Italia",14,3229,45.6995932,9.6571957,0,3229,"Instituto Paritario Imiberg",14,"Bérgamo",1112457380025125,5.1664,997.517,433.7715550659172
46.25,6.25,74,"Suiza","Ginebra","Ginebra","Ginebra","Ginebra","Centro Solidario Paquis","Rue de Berne 72 1201 Ginebra",6,1309,46.2240891,6.1425831,0,1309,"Centro Solidario Paquis",6,"Ginebra",1121377382026120,2.0944,927.103,478.8441941101655
48.25,16.25,11,"Austria","Viena","Viena","Viena","Viena","Embajada","Prinz Eugen-Straße 18, 1040 Wien, Austria",1,100,48.1917317,16.3747087,0,100,"Embajada",1,"Viena",1101760380325128,0.16,1027.95,440.576949007976
48.75,2.25,57,"Francia","Ile de France","París","París","París","Alcaldia del distrito n°16 (Mairie du 16e arrondissement)","71 avenue henri-martin
75775 paris cedex 16",4,774,48.8638229,2.2765652,0,774,"Alcaldia del distrito n°16 (Mairie du 16e arrondissement)",4,"París",1107459380225127,1.2384,841.869,501.4947162080668
50.75,4.25,27,"Bélgica","Bruselas","Bruselas","Bruselas","Bruselas","Casa de America Latina","Rue du Collège 27, 1050 Ixelles, Bélgica",1,234,50.8322965,4.3692975,0,234,"Casa de America Latina",1,"Bruselas",1102462380525130,0.3744,901.538,505.70796063785116
51.5,0,83,"Inglaterra","Inglaterra","Inglaterra","Londres","Londres","ETC. Venues, Elephant & Castle, Avonmouth House","2 Avonmouth St, London SE1 6NX, Reino Unido",7,1640,51.4976018,-0.0975901,0,1640,"ETC. Venues, Elephant & Castle, Avonmouth House",7,"Londres",1110864380725132,2.624,728.995,510.2273575792158
52,4.25,14,"Países Bajos","Holanda","Holanda","La Haya","La Haya","Embajada","Nassauplein 2, La Haya",1,133,52.0836156,4.3130114,0,133,"Embajada",1,"La Haya",1109163380625131,0.2128,896.291,510.440074412766
52.5,13.25,32,"Alemania","Berlín","Berlín","Berlín","Berlín","Embajada","Wichmannstraße 6, 10787 Berlin",2,287,52.510443,13.345439,0,287,"Embajada",2,"Berlín",1100461380425129,0.4592,994.111,492.02986488650015
55.75,37.5,20,"Rusia","Distr. Federal","Moscú","Moscú","Moscú","Embajada","Posolstvo Bolivii v Moskve ul.
Serpukhovskiy Val, 8,
Moscow, Rusia, 115191",1,173,55.730931,37.623767,0,173,"Embajada",1,"Moscú",1119472381525140,0.2768,1047.84,458.2674506138263
59.25,18,48,"Suecia","Estocolmo","Estocolmo","Estocolmo","Estocolmo","ABF Stockholm","Sveavägen 41, Sala
Brantingrummet, Plan 1,
CP 111 83, Stockholm",3,497,59.3387001,18.060154,0,497,"ABF Bildning & Kultur",3,"Estocolmo",1121266380926124,0.7952,999.993,502.0083812075174
