"ID_RECI","NumPaís","NombrePais","Ciudad","CIU","NumProv","nomprov","NumMuni","nombremunicipio","idloc","AsientoElectoral","NumDist","nomdist","NumZona","nomzona","CIRCUNDIST","RECI","REC","Mesa","HAB","INHAB","RECI_GEO_FID","PAIS","NumDep","DEP","PROV","MUN","Distrito","Zona","nomCircun","TipoCircunscripcion","Recinto","N_MESAS","Habilitados","LAT","LON","URB","DEN_C","BOL"
"1100461380425129",4,"Alemania",61,"Berlín",1,"Berlín",1,"Berlín",3804,"Berlín",1,"Distrito Berlin",101,"Zona Berlin",0,25129,"Embajada",1,268,11,"Exterior: 0000","Alemania",61,"Berlín","Berlín","Berlín","Distrito Berlin","Zona Berlin",NA,NA,"Embajada",2,268,52.5051076,13.3484428,"exterior","exterior",FALSE
"1101110361125055",11,"Argentina",10,"Buenos Aires",1,"Buenos Aires",1,"C.A. Buenos Aires",3611,"C.A. Buenos Aires",1,"Distrito Buenos Aires",101,"Zona A",0,25055,"Esc. Primaria Común Nº 16 Presidente Bartolome Mitre",1,2466,800,"Exterior: 0001","Argentina",10,"Buenos Aires","Buenos Aires","C.A. Buenos Aires","Distrito Buenos Aires","Zona A",NA,NA,"Esc. Primaria Común Nº 16 Presidente Bartolome Mitre",12,2466,-34.60668,-58.40624,"exterior","exterior",FALSE
"1101110361125056",11,"Argentina",10,"Buenos Aires",1,"Buenos Aires",1,"C.A. Buenos Aires",3611,"C.A. Buenos Aires",1,"Distrito Buenos Aires",102,"Zona B",0,25056,"Esc. De Educación Media N° 02/13° Escuela del Parque",1,1844,427,NA,"Argentina",10,"Buenos Aires","Buenos Aires","C.A. Buenos Aires","Distrito Buenos Aires","Zona B",NA,NA,"Esc. De Educación Media N° 02/13° Escuela del Parque",9,1844,-34.64503,-58.47635,"exterior","exterior",FALSE
"1101110361125057",11,"Argentina",10,"Buenos Aires",1,"Buenos Aires",1,"C.A. Buenos Aires",3611,"C.A. Buenos Aires",1,"Distrito Buenos Aires",103,"Zona C",0,25057,"Escuela N° 22 De 11 Hipólito Bouchard",1,2704,364,"Exterior: 0004","Argentina",10,"Buenos Aires","Buenos Aires","C.A. Buenos Aires","Distrito Buenos Aires","Zona C",NA,NA,"Escuela N° 22 De 11 Hipólito Bouchard",13,2704,-34.6430163,-58.4501199,"exterior","exterior",FALSE
"1101110361125058",11,"Argentina",10,"Buenos Aires",1,"Buenos Aires",1,"C.A. Buenos Aires",3611,"C.A. Buenos Aires",1,"Distrito Buenos Aires",104,"Zona D",0,25058,"Esc. de Educacion Media N° 06/01° Padre Carlos Mugica",1,1962,314,"Exterior: 0006","Argentina",10,"Buenos Aires","Buenos Aires","C.A. Buenos Aires","Distrito Buenos Aires","Zona D",NA,NA,"Esc. de Educacion Media N° 06/01° Padre Carlos Mugica",9,1962,-34.587028,-58.369444,"exterior","exterior",FALSE
"1101110361125059",11,"Argentina",10,"Buenos Aires",1,"Buenos Aires",1,"C.A. Buenos Aires",3611,"C.A. Buenos Aires",1,"Distrito Buenos Aires",105,"Zona E",0,25059,"Esc. Primaria Común Nº 08 D.E. 13 Reino De Thailandia",1,2626,457,"Exterior: 0007","Argentina",10,"Buenos Aires","Buenos Aires","C.A. Buenos Aires","Distrito Buenos Aires","Zona E",NA,NA,"Esc. Primaria Común Nº 08 D.E. 13 Reino De Thailandia",12,2626,-34.658803,-58.475156,"exterior","exterior",FALSE
"1101110361125157",11,"Argentina",10,"Buenos Aires",1,"Buenos Aires",1,"C.A. Buenos Aires",3611,"C.A. Buenos Aires",1,"Distrito Buenos Aires",101,"Zona A",0,25157,"Esc. Primaria Común N° 03 Dr. Onésimo Leguizamón",1,1461,481,NA,"Argentina",10,"Buenos Aires","Buenos Aires","C.A. Buenos Aires","Distrito Buenos Aires","Zona A",NA,NA,"Esc. Primaria Común N° 03 Dr. Onésimo Leguizamón",7,1461,-34.5960352,-58.3891957,"exterior","exterior",FALSE
"1101110361125158",11,"Argentina",10,"Buenos Aires",1,"Buenos Aires",1,"C.A. Buenos Aires",3611,"C.A. Buenos Aires",1,"Distrito Buenos Aires",102,"Zona B",0,25158,"Colegio Nº 18 Dr. Alberto Larroque",1,2322,264,"Exterior: 0010","Argentina",10,"Buenos Aires","Buenos Aires","C.A. Buenos Aires","Distrito Buenos Aires","Zona B",NA,NA,"Colegio Nº 18 Dr. Alberto Larroque",11,2322,-34.6278436,-58.4880553,"exterior","exterior",FALSE
"1101110361125160",11,"Argentina",10,"Buenos Aires",1,"Buenos Aires",1,"C.A. Buenos Aires",3611,"C.A. Buenos Aires",1,"Distrito Buenos Aires",103,"Zona C",0,25160,"Escuela N° 12 De 19 José Enrique Rodo",1,3330,370,"Exterior: 0011","Argentina",10,"Buenos Aires","Buenos Aires","C.A. Buenos Aires","Distrito Buenos Aires","Zona C",NA,NA,"Escuela N° 12 De 19 José Enrique Rodo",16,3330,-34.6461888,-58.4413242,"exterior","exterior",FALSE
"1101110361125161",11,"Argentina",10,"Buenos Aires",1,"Buenos Aires",1,"C.A. Buenos Aires",3611,"C.A. Buenos Aires",1,"Distrito Buenos Aires",103,"Zona C",0,25161,"Centro Educativo Ns  N° 30  De 8 De Nivel Secundario",1,1358,604,"Exterior: 0013","Argentina",10,"Buenos Aires","Buenos Aires","C.A. Buenos Aires","Distrito Buenos Aires","Zona C",NA,NA,"Centro Educativo Ns  N° 30  De 8 De Nivel Secundario",7,1358,-34.63376,-58.4447,"exterior","exterior",FALSE
"1101110361125162",11,"Argentina",10,"Buenos Aires",1,"Buenos Aires",1,"C.A. Buenos Aires",3611,"C.A. Buenos Aires",1,"Distrito Buenos Aires",101,"Zona A",0,25162,"Escuela Técnica Nº 29 D.E. 06 Reconquista de Buenos Aires ",1,1008,522,"Exterior: 0014","Argentina",10,"Buenos Aires","Buenos Aires","C.A. Buenos Aires","Distrito Buenos Aires","Zona A",NA,NA,"Escuela Técnica Nº 29 D.E. 06 Reconquista de Buenos Aires ",5,1008,-34.6217175,-58.4165671,"exterior","exterior",FALSE
"1101110361125163",11,"Argentina",10,"Buenos Aires",1,"Buenos Aires",1,"C.A. Buenos Aires",3611,"C.A. Buenos Aires",1,"Distrito Buenos Aires",102,"Zona B",0,25163,"Escuela De Jornada Completa Nº 08 D.E. 20 Dr. Dalmacio Vélez Sársfield",1,1082,760,"Exterior: 0016","Argentina",10,"Buenos Aires","Buenos Aires","C.A. Buenos Aires","Distrito Buenos Aires","Zona B",NA,NA,"Escuela De Jornada Completa Nº 08 D.E. 20 Dr. Dalmacio Vélez Sársfield",5,1082,-34.6422651,-58.5121938,"exterior","exterior",FALSE
"1101110361125164",11,"Argentina",10,"Buenos Aires",1,"Buenos Aires",1,"C.A. Buenos Aires",3611,"C.A. Buenos Aires",1,"Distrito Buenos Aires",103,"Zona C",0,25164,"Escuela N° 4 De 11 Benjamín Zorrila",1,2431,429,"Exterior: 0017","Argentina",10,"Buenos Aires","Buenos Aires","C.A. Buenos Aires","Distrito Buenos Aires","Zona C",NA,NA,"Escuela N° 4 De 11 Benjamín Zorrila",11,2431,-34.646069,-58.457639,"exterior","exterior",FALSE
"1101110361125165",11,"Argentina",10,"Buenos Aires",1,"Buenos Aires",1,"C.A. Buenos Aires",3611,"C.A. Buenos Aires",1,"Distrito Buenos Aires",103,"Zona C",0,25165,"Escuela Técnica N° 17  DE  13  Brigadier General Cornelio Saavedra",1,1614,357,"Exterior: 0019","Argentina",10,"Buenos Aires","Buenos Aires","C.A. Buenos Aires","Distrito Buenos Aires","Zona C",NA,NA,"Escuela Técnica N° 17  DE  13  Brigadier General Cornelio Saavedra",8,1614,-34.640107,-58.481799,"exterior","exterior",FALSE
"1101110361125166",11,"Argentina",10,"Buenos Aires",1,"Buenos Aires",1,"C.A. Buenos Aires",3611,"C.A. Buenos Aires",1,"Distrito Buenos Aires",102,"Zona B",0,25166,"Escuela De Jornada Completa Nº 18 D.E. 20 República de Corea ",1,1791,695,"Exterior: 0020","Argentina",10,"Buenos Aires","Buenos Aires","C.A. Buenos Aires","Distrito Buenos Aires","Zona B",NA,NA,"Escuela De Jornada Completa Nº 18 D.E. 20 República de Corea ",9,1791,-34.6401064,-58.5186193,"exterior","exterior",FALSE
"1101110361125167",11,"Argentina",10,"Buenos Aires",1,"Buenos Aires",1,"C.A. Buenos Aires",3611,"C.A. Buenos Aires",1,"Distrito Buenos Aires",102,"Zona B",0,25167,"Escuela De Jornada Simple Nº 07 D.E. 18 Republica Arabe de Egipto",1,1090,407,"Exterior: 0022","Argentina",10,"Buenos Aires","Buenos Aires","C.A. Buenos Aires","Distrito Buenos Aires","Zona B",NA,NA,"Escuela De Jornada Simple Nº 07 D.E. 18 Republica Arabe de Egipto",5,1090,-34.6376229,-58.5022798,"exterior","exterior",FALSE
"1101110361125168",11,"Argentina",10,"Buenos Aires",1,"Buenos Aires",1,"C.A. Buenos Aires",3611,"C.A. Buenos Aires",1,"Distrito Buenos Aires",103,"Zona C",0,25168,"Escuela Nº 13 D.E. 19 “Presbítero Alberti”",1,2131,418,NA,"Argentina",10,"Buenos Aires","Buenos Aires","C.A. Buenos Aires","Distrito Buenos Aires","Zona C",NA,NA,"Escuela Nº 13 D.E. 19 “Presbítero Alberti”",10,2131,-34.653569,-58.431824,"exterior","exterior",FALSE
"1101110361125169",11,"Argentina",10,"Buenos Aires",1,"Buenos Aires",1,"C.A. Buenos Aires",3611,"C.A. Buenos Aires",1,"Distrito Buenos Aires",105,"Zona E",0,25169,"Esc. Primaria Común Nº 17 D.E. 19 Gaspar Lucilo Benavento",1,2456,575,"Exterior: 0025","Argentina",10,"Buenos Aires","Buenos Aires","C.A. Buenos Aires","Distrito Buenos Aires","Zona E",NA,NA,"Esc. Primaria Común Nº 17 D.E. 19 Gaspar Lucilo Benavento",12,2456,-34.667496,-58.444969,"exterior","exterior",FALSE
"1101110361125172",11,"Argentina",10,"Buenos Aires",1,"Buenos Aires",1,"C.A. Buenos Aires",3611,"C.A. Buenos Aires",1,"Distrito Buenos Aires",105,"Zona E",0,25172,"Escuela De Jornada Simple Nº 08 D.E. 21 Judith y Demetrio Demarchi",1,2259,623,"Exterior: 0027","Argentina",10,"Buenos Aires","Buenos Aires","C.A. Buenos Aires","Distrito Buenos Aires","Zona E",NA,NA,"Escuela De Jornada Simple Nº 08 D.E. 21 Judith y Demetrio Demarchi",11,2259,-34.676597,-58.480585,"exterior","exterior",FALSE
"1101110361125173",11,"Argentina",10,"Buenos Aires",1,"Buenos Aires",1,"C.A. Buenos Aires",3611,"C.A. Buenos Aires",1,"Distrito Buenos Aires",102,"Zona B",0,25173,"Escuela N° 3 De 20 Republica Francesa",1,2487,274,"Exterior: 0029","Argentina",10,"Buenos Aires","Buenos Aires","C.A. Buenos Aires","Distrito Buenos Aires","Zona B",NA,NA,"Escuela N° 3 De 20 Republica Francesa",12,2487,-34.6410269,-58.5265914,"exterior","exterior",FALSE
"1101110361125174",11,"Argentina",10,"Buenos Aires",1,"Buenos Aires",1,"C.A. Buenos Aires",3611,"C.A. Buenos Aires",1,"Distrito Buenos Aires",102,"Zona B",0,25174,"Escuela Jornada Simple  N° 22 De 13 Santa Maria de Bs. As",1,2699,406,"Exterior: 0031","Argentina",10,"Buenos Aires","Buenos Aires","C.A. Buenos Aires","Distrito Buenos Aires","Zona B",NA,NA,"Escuela Jornada Simple  N° 22 De 13 Santa Maria de Bs. As",13,2699,-34.6667711,-58.4858488,"exterior","exterior",FALSE
"1101110361125175",11,"Argentina",10,"Buenos Aires",1,"Buenos Aires",1,"C.A. Buenos Aires",3611,"C.A. Buenos Aires",1,"Distrito Buenos Aires",105,"Zona E",0,25175,"Escuela N° 16  de 13 Dr. Tomás A. Le Bretón",1,1066,585,"Exterior: 0033","Argentina",10,"Buenos Aires","Buenos Aires","C.A. Buenos Aires","Distrito Buenos Aires","Zona E",NA,NA,"Escuela N° 16  de 13 Dr. Tomás A. Le Bretón",5,1066,-34.648068,-58.481559,"exterior","exterior",FALSE
"1101110361125189",11,"Argentina",10,"Buenos Aires",1,"Buenos Aires",1,"C.A. Buenos Aires",3611,"C.A. Buenos Aires",1,"Distrito Buenos Aires",104,"Zona D",0,25189,"Escuela de Jornada Completa Nº 16 D.E. 05 Sabina Bove de Bozalla",1,1194,288,"Exterior: 0034","Argentina",10,"Buenos Aires","Buenos Aires","C.A. Buenos Aires","Distrito Buenos Aires","Zona D",NA,NA,"Escuela de Jornada Completa Nº 16 D.E. 05 Sabina Bove de Bozalla",6,1194,-34.652239,-58.407359,"exterior","exterior",FALSE
"1101110361125190",11,"Argentina",10,"Buenos Aires",1,"Buenos Aires",1,"C.A. Buenos Aires",3611,"C.A. Buenos Aires",1,"Distrito Buenos Aires",104,"Zona D",0,25190,"Escuela de Educacion Media N° 4  De 19  Homero Manzi",1,1692,251,"Exterior: 0035","Argentina",10,"Buenos Aires","Buenos Aires","C.A. Buenos Aires","Distrito Buenos Aires","Zona D",NA,NA,"Escuela de Educacion Media N° 4  De 19  Homero Manzi",8,1692,-34.647013,-58.416338,"exterior","exterior",FALSE
"1101110361125191",11,"Argentina",10,"Buenos Aires",1,"Buenos Aires",1,"C.A. Buenos Aires",3611,"C.A. Buenos Aires",1,"Distrito Buenos Aires",105,"Zona E",0,25191,"Escuela De Jornada Simple Nº 03 D.E. 21 Cristóbal Colón",1,3222,149,"Exterior: 0036","Argentina",10,"Buenos Aires","Buenos Aires","C.A. Buenos Aires","Distrito Buenos Aires","Zona E",NA,NA,"Escuela De Jornada Simple Nº 03 D.E. 21 Cristóbal Colón",15,3222,-34.676525,-58.472273,"exterior","exterior",FALSE
"1101110412925192",11,"Argentina",10,"Buenos Aires",2,"Ituzaingó",1,"Ituzaingó",4129,"Ituzaingó",1,"Distrito Ituzaingó",1,"Ituzaingó",0,25192,"Esc Primaria Nro 3 Jose Manuel Estrada",1,2341,147,"Exterior: 0038","Argentina",10,"Buenos Aires","Ituzaingó","Ituzaingó","Distrito Ituzaingó","Ituzaingó",NA,NA,"Esc Primaria Nro 3 Jose Manuel Estrada",11,2341,-34.65935,-58.66189,"exterior","exterior",FALSE
"1101110413025060",11,"Argentina",10,"Buenos Aires",3,"La Matanza",1,"La Matanza",4130,"Villa Celina",1,"Distrito Villa Celina",1,"Villa Celina",0,25060,"Escuela Secundaria N° 10  (Escuela Primaria  Jose Antonio Wilde 137)",1,4164,451,"Exterior: 0040","Argentina",10,"Buenos Aires","La Matanza","La Matanza","Distrito Villa Celina","Villa Celina",NA,NA,"Escuela Secundaria N° 10  (Escuela Primaria  Jose Antonio Wilde 137)",19,4164,-34.69844,-58.488926,"exterior","exterior",FALSE
"1101110413025176",11,"Argentina",10,"Buenos Aires",3,"La Matanza",1,"La Matanza",4130,"Villa Celina",1,"Distrito Villa Celina",1,"Villa Celina",0,25176,"Escuela Primaria Nº 97 Juana Manso De Noronha",1,2314,586,NA,"Argentina",10,"Buenos Aires","La Matanza","La Matanza","Distrito Villa Celina","Villa Celina",NA,NA,"Escuela Primaria Nº 97 Juana Manso De Noronha",11,2314,-34.703054,-58.475044,"exterior","exterior",FALSE
"1101110413025177",11,"Argentina",10,"Buenos Aires",3,"La Matanza",1,"La Matanza",4130,"Villa Celina",1,"Distrito Villa Celina",1,"Villa Celina",0,25177,"Escuela de Educación Primaria  Nº 138  Comandante Luis Piedrabuena (Centro de Educación Física CEF 112)",1,6104,204,"Exterior: 0041","Argentina",10,"Buenos Aires","La Matanza","La Matanza","Distrito Villa Celina","Villa Celina",NA,NA,"Escuela de Educación Primaria  Nº 138  Comandante Luis Piedrabuena (Centro de Educación Física CEF 112)",28,6104,-34.7029003,-58.489729,"exterior","exterior",FALSE
"1101110413025178",11,"Argentina",10,"Buenos Aires",3,"La Matanza",1,"La Matanza",4130,"Villa Celina",1,"Distrito Villa Celina",1,"Villa Celina",0,25178,"Escuela Primaria Nº139 Congreso De Tucuman",1,1929,522,"Exterior: 0045","Argentina",10,"Buenos Aires","La Matanza","La Matanza","Distrito Villa Celina","Villa Celina",NA,NA,"Escuela Primaria Nº139 Congreso De Tucuman",9,1929,-34.703987,-58.497176,"exterior","exterior",FALSE
"1101110413125179",11,"Argentina",10,"Buenos Aires",3,"La Matanza",1,"La Matanza",4131,"Isidro Casanova",1,"Distrito Isidro Casanova",1,"Isidro Casanova",0,25179,"Isidro Casanova - Escuela Secundaria Nº76",1,2047,660,"Exterior: 0046","Argentina",10,"Buenos Aires","La Matanza","La Matanza","Distrito Isidro Casanova","Isidro Casanova",NA,NA,"Isidro Casanova - Escuela Secundaria Nº76",10,2047,-34.710694,-58.591852,"exterior","exterior",FALSE
"1101110413225180",11,"Argentina",10,"Buenos Aires",3,"La Matanza",1,"La Matanza",4132,"Gregorio de Laferrere",1,"Distrito Gregorio de Laferrere",1,"Gregorio de Laferrere",0,25180,"Escuela Primaria Nº 19",1,2994,298,"Exterior: 0048","Argentina",10,"Buenos Aires","La Matanza","La Matanza","Distrito Gregorio de Laferrere","Gregorio de Laferrere",NA,NA,"Escuela Primaria Nº 19",14,2994,-34.751061,-58.586994,"exterior","exterior",FALSE
"1101110413225181",11,"Argentina",10,"Buenos Aires",3,"La Matanza",1,"La Matanza",4132,"Gregorio de Laferrere",1,"Distrito Gregorio de Laferrere",1,"Gregorio de Laferrere",0,25181,"Anexo Escuela Secundaria Nº 23",1,1544,642,"Exterior: 0050","Argentina",10,"Buenos Aires","La Matanza","La Matanza","Distrito Gregorio de Laferrere","Gregorio de Laferrere",NA,NA,"Anexo Escuela Secundaria Nº 23",7,1544,-34.751391,-58.591982,"exterior","exterior",FALSE
"1101110413325182",11,"Argentina",10,"Buenos Aires",3,"La Matanza",1,"La Matanza",4133,"San Justo",1,"Distrito San Justo",1,"San Justo",0,25182,"Anexo I De Escuela Secundaria Nº11",1,1976,1086,"Exterior: 0051","Argentina",10,"Buenos Aires","La Matanza","La Matanza","Distrito San Justo","San Justo",NA,NA,"Anexo I De Escuela Secundaria Nº11",9,1976,-34.678109,-58.56036,"exterior","exterior",FALSE
"1101110413425183",11,"Argentina",10,"Buenos Aires",3,"La Matanza",1,"La Matanza",4134,"González Catán",1,"Distrito González Catán",1,"González Catán",0,25183,"Escuela Secundaria Nº51",1,1724,155,NA,"Argentina",10,"Buenos Aires","La Matanza","La Matanza","Distrito González Catán","González Catán",NA,NA,"Escuela Secundaria Nº51",8,1724,-34.76324,-58.631936,"exterior","exterior",FALSE
"1101110413525061",11,"Argentina",10,"Buenos Aires",4,"Esteban Echeverría",1,"Esteban Echeverría",4135,"Nueve de Abril",1,"Distrito Nueve de Abril",1,"Nueve de Abril",0,25061,"Esc. Secundaria Basica Nº4",1,2833,564,NA,"Argentina",10,"Buenos Aires","Esteban Echeverría","Esteban Echeverría","Distrito Nueve de Abril","Nueve de Abril",NA,NA,"Esc. Secundaria Basica Nº4",13,2833,-34.758064,-58.477588,"exterior","exterior",FALSE
"1101110413525185",11,"Argentina",10,"Buenos Aires",4,"Esteban Echeverría",1,"Esteban Echeverría",4135,"Nueve de Abril",1,"Distrito Nueve de Abril",1,"Nueve de Abril",0,25185,"Escuela De Educación Primaria N°16 República Francesa",1,3298,180,NA,"Argentina",10,"Buenos Aires","Esteban Echeverría","Esteban Echeverría","Distrito Nueve de Abril","Nueve de Abril",NA,NA,"Escuela De Educación Primaria N°16 República Francesa",15,3298,-34.739934,-58.488098,"exterior","exterior",FALSE
"1101110413625062",11,"Argentina",10,"Buenos Aires",5,"Lomas de Zamora",1,"Lomas de Zamora",4136,"Ingeniero Budge",1,"Distrito Ingeniero Budge",1,"Ingeniero Budge",0,25062,"Escuela EGB Nro. 12 Primera Junta",1,2293,532,"Exterior: 0057","Argentina",10,"Buenos Aires","Lomas de Zamora","Lomas de Zamora","Distrito Ingeniero Budge","Ingeniero Budge",NA,NA,"Escuela EGB Nro. 12 Primera Junta",11,2293,-34.724898,-58.463062,"exterior","exterior",FALSE
"1101110413725184",11,"Argentina",10,"Buenos Aires",5,"Lomas de Zamora",1,"Lomas de Zamora",4137,"Villa Albertina",1,"Distrito Villa Albertina",1,"Villa Albertina",0,25184,"Extensión de Escuela Secundaria Nº33  (Escuela Secundaria 33)",1,4069,420,"Exterior: 0059","Argentina",10,"Buenos Aires","Lomas de Zamora","Lomas de Zamora","Distrito Villa Albertina","Villa Albertina",NA,NA,"Extensión de Escuela Secundaria Nº33  (Escuela Secundaria 33)",19,4069,-34.7308,-58.4654,"exterior","exterior",FALSE
"1101110413825063",11,"Argentina",10,"Buenos Aires",6,"Berazategui",1,"Berazategui",4138,"12 de Octubre",1,"Distrito 12 de Octubre",1,"12 de Octubre",0,25063,"Escuela Secundaria Nº6 Juan Domingo Peron",1,2087,621,NA,"Argentina",10,"Buenos Aires","Berazategui","Berazategui","Distrito 12 de Octubre","12 de Octubre",NA,NA,"Escuela Secundaria Nº6 Juan Domingo Peron",10,2087,-34.781476,-58.25909,"exterior","exterior",FALSE
"1101110413925186",11,"Argentina",10,"Buenos Aires",7,"Quilmes",1,"Quilmes",4139,"Ezpeleta",1,"Distrito Ezpeleta",1,"Ezpeleta",0,25186,"Esc Primaria Nro 52 Gral. Bartolome Mitre.",1,2541,641,"Exterior: 0063","Argentina",10,"Buenos Aires","Quilmes","Quilmes","Distrito Ezpeleta","Ezpeleta",NA,NA,"Esc Primaria Nro 52 Gral. Bartolome Mitre.",12,2541,-34.754303,-58.24521,"exterior","exterior",FALSE
"1101110414025064",11,"Argentina",10,"Buenos Aires",8,"La Plata",1,"La Plata",4140,"La Plata",1,"Distrito La Plata",1,"La Plata",0,25064,"Escuela Secundaria Nº34 Almafuerte",1,2400,388,"Exterior: 0065","Argentina",10,"Buenos Aires","La Plata","La Plata","Distrito La Plata","La Plata",NA,NA,"Escuela Secundaria Nº34 Almafuerte",11,2400,-34.920641,-57.945336,"exterior","exterior",FALSE
"1101110414025187",11,"Argentina",10,"Buenos Aires",8,"La Plata",1,"La Plata",4140,"La Plata",1,"Distrito La Plata",1,"La Plata",0,25187,"Escuela Primaria N°5 Cnl. De Marina Tomas Espora",1,1913,321,"Exterior: 0067","Argentina",10,"Buenos Aires","La Plata","La Plata","Distrito La Plata","La Plata",NA,NA,"Escuela Primaria N°5 Cnl. De Marina Tomas Espora",9,1913,-34.900281,-57.956663,"exterior","exterior",FALSE
"1101110414025188",11,"Argentina",10,"Buenos Aires",8,"La Plata",1,"La Plata",4140,"La Plata",1,"Distrito La Plata",1,"La Plata",0,25188,"Escuela Primaria N°102 Dr. Dardo Rocha",1,2269,214,"Exterior: 0069","Argentina",10,"Buenos Aires","La Plata","La Plata","Distrito La Plata","La Plata",NA,NA,"Escuela Primaria N°102 Dr. Dardo Rocha",11,2269,-34.900569,-57.968772,"exterior","exterior",FALSE
"1101110414125146",11,"Argentina",10,"Buenos Aires",9,"Escobar",1,"Escobar",4141,"Belén de Escobar",1,"Distrito Escobar",1,"Escobar",0,25146,"Escobar-Esc. Secundaria Basica Nº23",1,2128,317,NA,"Argentina",10,"Buenos Aires","Escobar","Escobar","Distrito Escobar","Escobar",NA,NA,"Escobar-Esc. Secundaria Basica Nº23",10,2128,-34.355421,-58.813555,"exterior","exterior",FALSE
"1101110414225147",11,"Argentina",10,"Buenos Aires",10,"Pilar",1,"Pilar",4142,"Pilar",1,"Distrito Pilar",1,"Pilar",0,25147,"Escuela De Educación Primaria Nº26 Lorenzo López",1,3133,442,NA,"Argentina",10,"Buenos Aires","Pilar","Pilar","Distrito Pilar","Pilar",NA,NA,"Escuela De Educación Primaria Nº26 Lorenzo López",15,3133,-34.460348,-58.91387,"exterior","exterior",FALSE
"1101110436826080",11,"Argentina",10,"Buenos Aires",11,"Chacabuco",1,"Chacabuco",4368,"Chacabuco",1,"Distrito Chacabuco",1,"Zona Chacabuco",0,26080,"Escuela de Educación Primaria N 12 Hipolito Yrigoye",1,319,0,"Exterior: 0074","Argentina",10,"Buenos Aires","Chacabuco","Chacabuco","Distrito Chacabuco","Zona Chacabuco",NA,NA,"Escuela de Educación Primaria N 12 Hipolito Yrigoye",2,319,-34.643293,-60.462978,"exterior","exterior",FALSE
"1101110436926081",11,"Argentina",10,"Buenos Aires",12,"General Pueyrredón",1,"General Pueyrredón",4369,"Mar del Plata",1,"Distrito Mar del Plata",1,"Mar del Plata",0,26081,"Escuela Formación Profesional N°7 Batan",1,742,0,NA,"Argentina",10,"Buenos Aires","General Pueyrredón","General Pueyrredón","Distrito Mar del Plata","Mar del Plata",NA,NA,"Escuela Formación Profesional N°7 Batan",4,742,-38.01068,-57.707664,"exterior","exterior",FALSE
"1101110437026082",11,"Argentina",10,"Buenos Aires",13,"José M. Ezeiza",1,"José M. Ezeiza",4370,"Carlos Spegazzini",1,"Distrito Carlos Spegazzini",1,"Carlos Spegazzini",0,26082,"Escuela N24 Rene Gerónimo Favaloro",1,491,0,NA,"Argentina",10,"Buenos Aires","José M. Ezeiza","José M. Ezeiza","Distrito Carlos Spegazzini","Carlos Spegazzini",NA,NA,"Escuela N24 Rene Gerónimo Favaloro",3,491,-34.891681,-58.554957,"exterior","exterior",FALSE
"1101110437126083",11,"Argentina",10,"Buenos Aires",14,"Pinamar",1,"Pinamar",4371,"Pinamar",1,"Distrito Pinamar",1,"Pinamar",0,26083,"Escuela Primaria N 7 de Ostende Pinamar",1,1255,0,"Exterior: 0077","Argentina",10,"Buenos Aires","Pinamar","Pinamar","Distrito Pinamar","Pinamar",NA,NA,"Escuela Primaria N 7 de Ostende Pinamar",6,1255,-37.125951,-56.886313,"exterior","exterior",FALSE
"1101111361225065",11,"Argentina",11,"Mendoza",2,"Capital",1,"Capital",3612,"Mendoza",1,"Distrito Mendoza",101,"Zona Mendoza",0,25065,"Escuela “Patricias Mendocinas”",1,3458,739,"Exterior: 0078","Argentina",11,"Mendoza","Capital","Capital","Distrito Mendoza","Zona Mendoza",NA,NA,"Escuela “Patricias Mendocinas”",16,3458,-32.887791,-68.842944,"exterior","exterior",FALSE
"1101111414325148",11,"Argentina",11,"Mendoza",3,"Maipú",1,"Maipú",4143,"Rodeo del Medio",1,"Distrito Rodeo del Medio",1,"Rodeo del Medio",0,25148,"Escuela “John Fitzgerald Kennedy”",1,3169,337,"Exterior: 0079","Argentina",11,"Mendoza","Maipú","Maipú","Distrito Rodeo del Medio","Rodeo del Medio",NA,NA,"Escuela “John Fitzgerald Kennedy”",15,3169,-32.990087,-68.688236,"exterior","exterior",FALSE
"1101111414425149",11,"Argentina",11,"Mendoza",4,"Luján de Cuyo",1,"Luján de Cuyo",4144,"Ugarteche",1,"Distrito Ugarteche",1,"Ugarteche",0,25149,"Escuela Luis Baldini",1,2480,164,"Exterior: 0080","Argentina",11,"Mendoza","Luján de Cuyo","Luján de Cuyo","Distrito Ugarteche","Ugarteche",NA,NA,"Escuela Luis Baldini",12,2480,-33.201263,-68.890763,"exterior","exterior",FALSE
"1101111414525150",11,"Argentina",11,"Mendoza",5,"San Carlos",1,"San Carlos",4145,"Villa San Carlos",1,"Distrito Villa San Carlos",1,"Villa San Carlos",0,25150,"Escuela Fuerte San Carlos",1,1248,130,"Exterior: 0081","Argentina",11,"Mendoza","San Carlos","San Carlos","Distrito Villa San Carlos","Villa San Carlos",NA,NA,"Escuela Fuerte San Carlos",6,1248,-33.77237,-69.041243,"exterior","exterior",FALSE
"1101111414625151",11,"Argentina",11,"Mendoza",6,"San Rafael",1,"San Rafael",4146,"Salto de las Rosas",1,"Distrito Salto de las Rosas",1,"Salto de las Rosas",0,25151,"Escuela “Pedro Goyena”",1,472,76,"Exterior: 0082","Argentina",11,"Mendoza","San Rafael","San Rafael","Distrito Salto de las Rosas","Salto de las Rosas",NA,NA,"Escuela “Pedro Goyena”",3,472,-34.723654,-68.2291,"exterior","exterior",FALSE
"1101112361325066",11,"Argentina",12,"Jujuy",3,"Dr. Manuel Belgrano",1,"San Salvador de Jujuy",3613,"San Salvador de Jujuy",1,"Distrito Jujuy",101,"Zona Jujuy",0,25066,"Escuela Normal Superior Juan Ignacio Gorriti",1,6133,1736,"Exterior: 0083","Argentina",12,"Jujuy","Dr. Manuel Belgrano","San Salvador de Jujuy","Distrito Jujuy","Zona Jujuy",NA,NA,"Escuela Normal Superior Juan Ignacio Gorriti",28,6133,-24.186784,-65.303385,"exterior","exterior",FALSE
"1101112376025067",11,"Argentina",12,"Jujuy",4,"Yaví",2,"La Quiaca",3760,"La Quiaca",1,"Distrito La Quiaca",101,"Zona La Quiaca",0,25067,"Sede de Estudios Universitarios",1,497,20,NA,"Argentina",12,"Jujuy","Yaví","La Quiaca","Distrito La Quiaca","Zona La Quiaca",NA,NA,"Sede de Estudios Universitarios",3,497,-22.103924,-65.597702,"exterior","exterior",FALSE
"1101112437626088",11,"Argentina",12,"Jujuy",5,"El Carmen",1,"Perico",4376,"Perico",1,"Distrito Perico",1,"Perico",0,26088,"Centro Integrador Comunitario (CIC)",1,395,0,NA,"Argentina",12,"Jujuy","El Carmen","Perico","Distrito Perico","Perico",NA,NA,"Centro Integrador Comunitario (CIC)",2,395,-24.382185,-65.120073,"exterior","exterior",FALSE
"1101112437726089",11,"Argentina",12,"Jujuy",6,"San Pedro",1,"San Pedro de Jujuy",4377,"San Pedro",1,"Distrito San Pedro",1,"San Pedro",0,26089,"Centro Integrador Comunitario (CIC)",1,274,0,"Exterior: 0089","Argentina",12,"Jujuy","San Pedro","San Pedro de Jujuy","Distrito San Pedro","San Pedro",NA,NA,"Centro Integrador Comunitario (CIC)",2,274,-24.240451,-64.862447,"exterior","exterior",FALSE
"1101120376125086",11,"Argentina",20,"Santa Fe",4,"Santa Fe",1,"Rosario",3761,"Rosario",1,"Distrito Rosario",101,"Zona Rosario",0,25086,"Escuela República de Bolivia",1,1033,101,"Exterior: 0090","Argentina",20,"Santa Fe","Santa Fe","Rosario","Distrito Rosario","Zona Rosario",NA,NA,"Escuela República de Bolivia",5,1033,-32.959371,-60.669357,"exterior","exterior",FALSE
"1101121376225087",11,"Argentina",21,"Cordoba",5,"Capital",1,"Cordoba",3762,"Cordoba",1,"Distrito Cordoba",101,"Zona Cordoba",0,25087,"IPEM Nº 86 Gabriela Mistral",1,1821,294,"Exterior: 0091","Argentina",21,"Cordoba","Capital","Cordoba","Distrito Cordoba","Zona Cordoba",NA,NA,"IPEM Nº 86 Gabriela Mistral",9,1821,-31.40975,-64.183562,"exterior","exterior",FALSE
"1101121376225154",11,"Argentina",21,"Cordoba",5,"Capital",1,"Cordoba",3762,"Cordoba",1,"Distrito Cordoba",102,"Zona Villa El Liberador",0,25154,"CPC Villa El Libertador",1,1413,60,"Exterior: 0092","Argentina",21,"Cordoba","Capital","Cordoba","Distrito Cordoba","Zona Villa El Liberador",NA,NA,"CPC Villa El Libertador",7,1413,-31.466929,-64.224967,"exterior","exterior",FALSE
"1101121414725193",11,"Argentina",21,"Cordoba",6,"General San Martín",1,"Villa María",4147,"Villa María",1,"Distrito Villa María",1,"Villa María",0,25193,"IPEM Nº 147 Manuel Anselmo Ocampo",1,356,44,"Exterior: 0093","Argentina",21,"Cordoba","General San Martín","Villa María","Distrito Villa María","Villa María",NA,NA,"IPEM Nº 147 Manuel Anselmo Ocampo",2,356,-32.412146,-63.249534,"exterior","exterior",FALSE
"1101121437326085",11,"Argentina",21,"Cordoba",7,"Río Cuarto",1,"Río Cuarto",4373,"Río Cuarto",1,"Distrito Río Cuarto",1,"Río Cuarto",0,26085,"Escuela Leopoldo Lugones",1,292,0,"Exterior: 0094","Argentina",21,"Cordoba","Río Cuarto","Río Cuarto","Distrito Río Cuarto","Río Cuarto",NA,NA,"Escuela Leopoldo Lugones",2,292,-33.121027,-64.323154,"exterior","exterior",FALSE
"1101121437426086",11,"Argentina",21,"Cordoba",8,"San Javier",1,"Villa Dolores",4374,"Villa Dolores",1,"Distrito Villa Dolores",1,"Villa Dolores",0,26086,"C.I.C. Dispensario",1,145,0,NA,"Argentina",21,"Cordoba","San Javier","Villa Dolores","Distrito Villa Dolores","Villa Dolores",NA,NA,"C.I.C. Dispensario",1,145,-31.945072,-65.156988,"exterior","exterior",FALSE
"1101122376325088",11,"Argentina",22,"Salta",6,"Capital",1,"Salta",3763,"Salta",1,"Distrito Salta",101,"Zona Salta",0,25088,"Colegio Nacional Salta N° 5080",1,2333,212,"Exterior: 0096","Argentina",22,"Salta","Capital","Salta","Distrito Salta","Zona Salta",NA,NA,"Colegio Nacional Salta N° 5080",11,2333,-24.787073,-65.403323,"exterior","exterior",FALSE
"1101122376425089",11,"Argentina",22,"Salta",7,"General José de San Martín",1,"Profesor Salvador Mazza",3764,"Profesor Salvador Mazza",1,"Distrito Pocitos",101,"Zona Pocitos",0,25089,"Municipalidad De Profesor Salvador Mazza",1,365,14,"Exterior: 0097","Argentina",22,"Salta","General José de San Martín","Profesor Salvador Mazza","Distrito Pocitos","Zona Pocitos",NA,NA,"Municipalidad De Profesor Salvador Mazza",2,365,-22.054372,-63.686205,"exterior","exterior",FALSE
"1101122376525090",11,"Argentina",22,"Salta",8,"Orán",1,"San Ramón de la Nueva Orán",3765,"San Ramón de la Nueva Orán",1,"Distrito Oran",101,"Zona Oran",0,25090,"Escuela De Comercio Julio Cortez Nº 5091",1,1016,34,"Exterior: 0099","Argentina",22,"Salta","Orán","San Ramón de la Nueva Orán","Distrito Oran","Zona Oran",NA,NA,"Escuela De Comercio Julio Cortez Nº 5091",5,1016,-23.136692,-64.323096,"exterior","exterior",FALSE
"1101122438026092",11,"Argentina",22,"Salta",7,"General José de San Martín",2,"Tartagal",4380,"Tartagal",1,"Distrito Tartagal",1,"Tilcara",0,26092,"Salón de la Cultura",1,72,0,"Exterior: 0098","Argentina",22,"Salta","General José de San Martín","Tartagal","Distrito Tartagal","Tilcara",NA,NA,"Salón de la Cultura",1,72,-22.515917,-63.803156,"exterior","exterior",FALSE
"1101123376625091",11,"Argentina",23,"Rio Negro",7,"Adolfo Alsina",1,"Viedma",3766,"Viedma",1,"Distrito Viedma",101,"Zona Viedma",0,25091,"Universidad Nacional De Rio Negro",1,1020,72,"Exterior: 0100","Argentina",23,"Rio Negro","Adolfo Alsina","Viedma","Distrito Viedma","Zona Viedma",NA,NA,"Universidad Nacional De Rio Negro",5,1020,-40.8101,-62.9918,"exterior","exterior",FALSE
"1101185407325303",11,"Argentina",85,"Chubut",8,"Escalante",1,"Comodoro Rivadavia",4073,"Comodoro Rivadavia",1,"Distrito Comodoro Rivadavia",101,"Zona Comodoro Rivadavia",0,25303,"Centro Cultural de Comodoro Rivadavia",1,1758,3,NA,"Argentina",85,"Chubut","Escalante","Comodoro Rivadavia","Distrito Comodoro Rivadavia","Zona Comodoro Rivadavia",NA,NA,"Centro Cultural de Comodoro Rivadavia",8,1758,-45.863224,-67.47614,"exterior","exterior",FALSE
"1101185437226181",11,"Argentina",85,"Chubut",9,"Biedma",1,"Puerto Madryn",4372,"Puerto Madryn",1,"Distrito Puerto Madryn",1,"Puerto Madryn",0,26181,"Escuela Municipal de Pezca N°2701 Juan Demonte",1,1256,0,"Exterior: 0102","Argentina",85,"Chubut","Biedma","Puerto Madryn","Distrito Puerto Madryn","Puerto Madryn",NA,NA,"Escuela Municipal de Pezca N°2701 Juan Demonte",6,1256,-42.760598,-65.044136,"exterior","exterior",FALSE
"1101187437526087",11,"Argentina",87,"Corrientes",1,"Lavalle",1,"Santa Lucía",4375,"Santa Lucía",1,"Distrito Santa Lucía",1,"Santa Lucía",0,26087,"Centro Integrador Comunitario de la Municipalidad de Santa Lucia (CIC)",1,457,0,"Exterior: 0103","Argentina",87,"Corrientes","Lavalle","Santa Lucía","Distrito Santa Lucía","Santa Lucía",NA,NA,"Centro Integrador Comunitario de la Municipalidad de Santa Lucia (CIC)",2,457,-28.989996,-59.101522,"exterior","exterior",FALSE
"1101188437826183",11,"Argentina",88,"La Rioja",1,"Chilecito",1,"Chilecito",4378,"Vichigasta",1,"Distrito Vichigasta",1,"Vichigasta",0,26183,"Salón de Jubilados de Vichigasta",1,494,0,"Exterior: 0104","Argentina",88,"La Rioja","Chilecito","Chilecito","Distrito Vichigasta","Vichigasta",NA,NA,"Salón de Jubilados de Vichigasta",3,494,-29.501147,-67.500102,"exterior","exterior",FALSE
"1101189437926091",11,"Argentina",89,"Neuquén",1,"Confluencia",1,"Centenario",4379,"Centenario",1,"Distrito Centenario",1,"Centenario",0,26091,"Centro de Formación Profesional N° 29 Darrieux 470",1,786,0,NA,"Argentina",89,"Neuquén","Confluencia","Centenario","Distrito Centenario","Centenario",NA,NA,"Centro de Formación Profesional N° 29 Darrieux 470",4,786,-38.8289881,-68.1230472,"exterior","exterior",FALSE
"1101190438126093",11,"Argentina",90,"San Juan",1,"Pocito",1,"Pocito",4381,"La Rinconada - Pocito",1,"Distrito La Rinconada - Pocito",1,"La Rinconada - Pocito",0,26093,"Escuela Dr. Antonio Aberastain School",1,601,0,NA,"Argentina",90,"San Juan","Pocito","Pocito","Distrito La Rinconada - Pocito","La Rinconada - Pocito",NA,NA,"Escuela Dr. Antonio Aberastain School",3,601,-31.657639,-68.57999,"exterior","exterior",FALSE
"1101191438226094",11,"Argentina",91,"San Luis",1,"Juan Martín de Pueyrredón",1,"San Luis",4382,"San Luis",1,"Distrito San Luis",1,"San Luis",0,26094,"Escuela Normal de Ninas Paula Dominguez de Bazan",1,390,0,"Exterior: 0107","Argentina",91,"San Luis","Juan Martín de Pueyrredón","San Luis","Distrito San Luis","San Luis",NA,NA,"Escuela Normal de Ninas Paula Dominguez de Bazan",2,390,-33.301278,-66.335978,"exterior","exterior",FALSE
"1101192438326095",11,"Argentina",92,"Santa Cruz",1,"Deseado",1,"Deseado",4383,"Puerto Deseado",1,"Distrito Puerto Deseado",1,"Puerto Deseado",0,26095,"Escuela N°56 Krewen Kau",1,230,0,"Exterior: 0108","Argentina",92,"Santa Cruz","Deseado","Deseado","Distrito Puerto Deseado","Puerto Deseado",NA,NA,"Escuela N°56 Krewen Kau",1,230,-47.745756,-65.88802,"exterior","exterior",FALSE
"1101192438426096",11,"Argentina",92,"Santa Cruz",2,"Güer Aike",1,"Güer Aike",4384,"Río Gallegos",1,"Distrito Río Gallegos",1,"Río Gallegos",0,26096,"Pastoral de Rio Gallegos",1,851,0,NA,"Argentina",92,"Santa Cruz","Güer Aike","Güer Aike","Distrito Río Gallegos","Río Gallegos",NA,NA,"Pastoral de Rio Gallegos",4,851,-51.622728,-69.214163,"exterior","exterior",FALSE
"1101193438526097",11,"Argentina",93,"Tucumán",1,"Lules",1,"Lules",4385,"Lules",1,"Distrito Lules",1,"Lules",0,26097,"Casa del Sr. Tomas Serrano",1,430,0,"Exterior: 0113","Argentina",93,"Tucumán","Lules","Lules","Distrito Lules","Lules",NA,NA,"Casa del Sr. Tomas Serrano",2,430,-26.926658,-65.335719,"exterior","exterior",FALSE
"1101196439126103",11,"Argentina",96,"La Pampa",1,"Capital",1,"Santa Rosa",4391,"Santa Rosa",1,"Distrito Santa Rosa",1,"Santa Rosa",0,26103,"Centro Municipal de Cultura",1,120,0,NA,"Argentina",96,"La Pampa","Capital","Santa Rosa","Distrito Santa Rosa","Santa Rosa",NA,NA,"Centro Municipal de Cultura",1,120,-36.618846,-64.293235,"exterior","exterior",FALSE
"1101760380325128",17,"Austria",60,"Viena",1,"Viena",1,"Viena",3803,"Viena",1,"Distrito Vienna",101,"Zona Vienna",0,25128,"Embajada",1,90,5,"Exterior: 0115","Austria",60,"Viena","Viena","Viena","Distrito Vienna","Zona Vienna",NA,NA,"Embajada",1,90,48.1955546,16.3764577,"exterior","exterior",FALSE
"1102462380525130",24,"Bélgica",62,"Bruselas",1,"Bruselas",1,"Bruselas",3805,"Bruselas",1,"Distrito Bruselas",101,"Zona Bruselas",0,25130,"Casa de America Latina",1,226,0,NA,"Bélgica",62,"Bruselas","Bruselas","Bruselas","Distrito Bruselas","Zona Bruselas",NA,NA,"Casa de America Latina",1,226,50.8323938,4.3693674,"exterior","exterior",FALSE
"1103418361925078",34,"Brasil",18,"Sao Paulo",1,"Sao Paulo",1,"Sao Paulo",3619,"Sao Paulo",1,"Distrito Sao Paulo",101,"Zona A",0,25078,"Escuela Estadual Prof. Colombo De Almeida",1,3629,643,NA,"Brasil",18,"Sao Paulo","Sao Paulo","Sao Paulo","Distrito Sao Paulo","Zona A",NA,NA,"Escuela Estadual Prof. Colombo De Almeida",17,3629,-23.493677,-46.660628,"exterior","exterior",FALSE
"1103418361925079",34,"Brasil",18,"Sao Paulo",1,"Sao Paulo",1,"Sao Paulo",3619,"Sao Paulo",1,"Distrito Sao Paulo",102,"Zona B",0,25079,"Esc. Mun. Edu.Fundamental Vereador Antonio Sampaio",1,2222,404,"Exterior: 0118","Brasil",18,"Sao Paulo","Sao Paulo","Sao Paulo","Distrito Sao Paulo","Zona B",NA,NA,"Esc. Mun. Edu.Fundamental Vereador Antonio Sampaio",11,2222,-23.513915,-46.626584,"exterior","exterior",FALSE
"1103418361925200",34,"Brasil",18,"Sao Paulo",1,"Sao Paulo",1,"Sao Paulo",3619,"Sao Paulo",1,"Distrito Sao Paulo",102,"Zona B",0,25200,"Escuela Estadual Provincia de Nagasaki",1,4085,313,"Exterior: 0119","Brasil",18,"Sao Paulo","Sao Paulo","Sao Paulo","Distrito Sao Paulo","Zona B",NA,NA,"Escuela Estadual Provincia de Nagasaki",19,4085,-23.47759,-46.571764,"exterior","exterior",FALSE
"1103418361925201",34,"Brasil",18,"Sao Paulo",1,"Sao Paulo",1,"Sao Paulo",3619,"Sao Paulo",1,"Distrito Sao Paulo",105,"Zona E",0,25201,"Escuela Estadual Marechal Deodoro",1,2720,268,NA,"Brasil",18,"Sao Paulo","Sao Paulo","Sao Paulo","Distrito Sao Paulo","Zona E",NA,NA,"Escuela Estadual Marechal Deodoro",13,2720,-23.526003,-46.643003,"exterior","exterior",FALSE
"1103418361925202",34,"Brasil",18,"Sao Paulo",1,"Sao Paulo",1,"Sao Paulo",3619,"Sao Paulo",1,"Distrito Sao Paulo",105,"Zona E",0,25202,"Inst. Ciencia Tecnologia  São Paulo",1,4957,252,"Exterior: 0121","Brasil",18,"Sao Paulo","Sao Paulo","Sao Paulo","Distrito Sao Paulo","Zona E",NA,NA,"Inst. Ciencia Tecnologia  São Paulo",23,4957,-23.523408,-46.622032,"exterior","exterior",FALSE
"1103418361925204",34,"Brasil",18,"Sao Paulo",1,"Sao Paulo",1,"Sao Paulo",3619,"Sao Paulo",1,"Distrito Sao Paulo",105,"Zona E",0,25204,"Escuela Técnica Estadual Carlos de Campos",1,4583,328,NA,"Brasil",18,"Sao Paulo","Sao Paulo","Sao Paulo","Distrito Sao Paulo","Zona E",NA,NA,"Escuela Técnica Estadual Carlos de Campos",21,4583,-23.538275,-46.621658,"exterior","exterior",FALSE
"1103418361925205",34,"Brasil",18,"Sao Paulo",1,"Sao Paulo",1,"Sao Paulo",3619,"Sao Paulo",1,"Distrito Sao Paulo",105,"Zona E",0,25205,"Escuela Estadual Orestes Guimarães",1,2241,747,"Exterior: 0122","Brasil",18,"Sao Paulo","Sao Paulo","Sao Paulo","Distrito Sao Paulo","Zona E",NA,NA,"Escuela Estadual Orestes Guimarães",11,2241,-23.532575,-46.623917,"exterior","exterior",FALSE
"1103418361925305",34,"Brasil",18,"Sao Paulo",1,"Sao Paulo",1,"Sao Paulo",3619,"Sao Paulo",1,"Distrito Sao Paulo",106,"Zona F",0,25305,"Escuela Estadual Eduardo Prado",1,5522,0,NA,"Brasil",18,"Sao Paulo","Sao Paulo","Sao Paulo","Distrito Sao Paulo","Zona F",NA,NA,"Escuela Estadual Eduardo Prado",26,5522,-23.537005,-46.612677,"exterior","exterior",FALSE
"1103418361926123",34,"Brasil",18,"Sao Paulo",1,"Sao Paulo",1,"Sao Paulo",3619,"Sao Paulo",1,"Distrito Sao Paulo",111,"Zona Belenzinho",0,26123,"Escola Municipal Ensino Fundamental Analia Franco Bastos",1,3424,243,"Exterior: 0124","Brasil",18,"Sao Paulo","Sao Paulo","Sao Paulo","Distrito Sao Paulo","Zona Belenzinho",NA,NA,"Escola Municipal Ensino Fundamental Analia Franco Bastos",16,3424,-23.527471,-46.599967,"exterior","exterior",FALSE
"1103418415126121",34,"Brasil",18,"Sao Paulo",1,"Sao Paulo",2,"Guarulhos",4151,"Guarulhos",1,"Distrito Guarulhos",2,"Zona Guarulhos",0,26121,"Escola Prefeitura Guarulhos Prof. Silvia de Cassia Matias",1,2025,751,"Exterior: 0125","Brasil",18,"Sao Paulo","Sao Paulo","Guarulhos","Distrito Guarulhos","Zona Guarulhos",NA,NA,"Escola Prefeitura Guarulhos Prof. Silvia de Cassia Matias",10,2025,-23.429796,-46.504889,"exterior","exterior",FALSE
"1103418415126122",34,"Brasil",18,"Sao Paulo",1,"Sao Paulo",2,"Guarulhos",4151,"Guarulhos",1,"Distrito Guarulhos",2,"Zona Guarulhos",0,26122,"Centro da Integraçäo da Cidadania",1,1178,0,NA,"Brasil",18,"Sao Paulo","Sao Paulo","Guarulhos","Distrito Guarulhos","Zona Guarulhos",NA,NA,"Centro da Integraçäo da Cidadania",6,1178,-23.46464,-46.403737,"exterior","exterior",FALSE
"1103418415525083",34,"Brasil",18,"Sao Paulo",1,"Sao Paulo",3,"Mauá",4155,"Mauá",1,"Distrito Jardim Santa Adelia",1,"Zona F",0,25083,"Escola Estadual Walter Belian",1,1179,465,"Exterior: 0127","Brasil",18,"Sao Paulo","Sao Paulo","Mauá","Distrito Jardim Santa Adelia","Zona F",NA,NA,"Escola Estadual Walter Belian",6,1179,-23.612887,-46.482229,"exterior","exterior",FALSE
"1103418438626098",34,"Brasil",18,"Sao Paulo",1,"Sao Paulo",4,"Carapicuíba",4386,"Carapicuíba",1,"Distrito Carapicuíba",1,"Carapicuíba",0,26098,"Esc. Mun. Educ. Fundamental Professora Nai Molina do Amaral",1,1052,0,"Exterior: 0128","Brasil",18,"Sao Paulo","Sao Paulo","Carapicuíba","Distrito Carapicuíba","Carapicuíba",NA,NA,"Esc. Mun. Educ. Fundamental Professora Nai Molina do Amaral",5,1052,-23.555609,-46.841663,"exterior","exterior",FALSE
"1103418438726099",34,"Brasil",18,"Sao Paulo",1,"Sao Paulo",5,"Itaquaquecetuba",4387,"Itaquaquecetuba",1,"Distrito Itaquaquecetuba",1,"Itaquaquecetuba",0,26099,"Escuela Estadual Homero Fernando Milano",1,1055,0,"Exterior: 0129","Brasil",18,"Sao Paulo","Sao Paulo","Itaquaquecetuba","Distrito Itaquaquecetuba","Itaquaquecetuba",NA,NA,"Escuela Estadual Homero Fernando Milano",5,1055,-23.481695,-46.352883,"exterior","exterior",FALSE
"1103418438826100",34,"Brasil",18,"Sao Paulo",1,"Sao Paulo",6,"Sao José do Rio Preto",4388,"Sao José do Rio Preto",1,"Distrito Sao José do Rio Preto",1,"Sao José do Rio Preto",0,26100,"Escola Municipal Nice Beolchi Nunes Ferreira",1,470,0,"Exterior: 0130","Brasil",18,"Sao Paulo","Sao Paulo","Sao José do Rio Preto","Distrito Sao José do Rio Preto","Sao José do Rio Preto",NA,NA,"Escola Municipal Nice Beolchi Nunes Ferreira",3,470,-20.911298,-49.448919,"exterior","exterior",FALSE
"1103432377525100",34,"Brasil",32,"Distr. Federal",2,"Brasilia",1,"Brasilia",3775,"Brasilia",1,"Distrito Brasilia",101,"Zona Brasilia",0,25100,"Embajada",1,72,14,"Exterior: 0131","Brasil",32,"Distr. Federal","Brasilia","Brasilia","Distrito Brasilia","Zona Brasilia",NA,NA,"Embajada",1,72,-15.832852,-47.909377,"exterior","exterior",FALSE
"1103433377625101",34,"Brasil",33,"Río de Janeiro",3,"Río de Janeiro",1,"Río de Janeiro",3776,"Río de Janeiro",1,"Distrito Rio de Janeiro",101,"Zona Rio de Janeiro",0,25101,"Consulado",1,241,58,NA,"Brasil",33,"Río de Janeiro","Río de Janeiro","Río de Janeiro","Distrito Rio de Janeiro","Zona Rio de Janeiro",NA,NA,"Consulado",2,241,-22.9420148,-43.1735231,"exterior","exterior",FALSE
"1103434377726184",34,"Brasil",34,"Mato Grosso",4,"Cáceres",1,"Cáceres",3777,"Cáceres",1,"Distrito Caceres",101,"Zona Caceres",0,26184,"Consulado",1,116,11,"Exterior: 0133","Brasil",34,"Mato Grosso","Cáceres","Cáceres","Distrito Caceres","Zona Caceres",NA,NA,"Consulado",1,116,-16.07675,-57.679155,"exterior","exterior",FALSE
"1103435377825103",34,"Brasil",35,"Rondonia",5,"Guajara Mirim",1,"Guajara Mirim",3778,"Guajara Mirim",1,"Distrito Guajara Mirim",101,"Zona Guajara Mirim",0,25103,"Consulado",1,653,30,NA,"Brasil",35,"Rondonia","Guajara Mirim","Guajara Mirim","Distrito Guajara Mirim","Zona Guajara Mirim",NA,NA,"Consulado",3,653,-10.791058,-65.345415,"exterior","exterior",FALSE
"1103478389726115",34,"Brasil",78,"M.Grosso do Sul",6,"Bajo Pantanal",1,"Corumbá",3897,"Corumbá",1,"Distrito Corumba - MS",101,"Zona Corumba - MS",0,26115,"Cyriaco Félix de Toledo",1,210,15,NA,"Brasil",78,"M.Grosso do Sul","Bajo Pantanal","Corumbá","Distrito Corumba - MS","Zona Corumba - MS",NA,NA,"Cyriaco Félix de Toledo",1,210,-19.0006799,-57.657776,"exterior","exterior",FALSE
"1103479389626185",34,"Brasil",79,"Acre",7,"Brasilea",1,"Epitaciolândia",3896,"Epitaciolândia",1,"Distrito Epitaciolândia",101,"Zona Vila Vitoria",0,26185,"Consulado",1,48,0,"Exterior: 0136","Brasil",79,"Acre","Brasilea","Epitaciolândia","Distrito Epitaciolândia","Zona Vila Vitoria",NA,NA,"Consulado",1,48,-11.023368,-68.745813,"exterior","exterior",FALSE
"1104055379825123",40,"Canadá",55,"Ontario",1,"Ottawa",1,"Ottawa",3798,"Ottawa",1,"Distrito Ottawa",101,"Zona Ottawa",0,25123,"Embajada",1,101,7,"Exterior: 0137","Canadá",55,"Ontario","Ottawa","Ottawa","Distrito Ottawa","Zona Ottawa",NA,NA,"Embajada",1,101,45.42128,-75.697221,"exterior","exterior",FALSE
"1104436377925104",44,"Chile",36,"Metropolitana",1,"Santiago",1,"Santiago",3779,"Santiago",1,"Distrito Santiago",101,"Zona Santiago",0,25104,"Parroquia Latinoamericana Nuestra Señora De Pompeya",1,3568,152,NA,"Chile",36,"Metropolitana","Santiago","Santiago","Distrito Santiago","Zona Santiago",NA,NA,"Parroquia Latinoamericana Nuestra Señora De Pompeya",17,3568,-33.443779,-70.630701,"exterior","exterior",FALSE
"1104437378025105",44,"Chile",37,"Arica",2,"Arica",1,"Arica",3780,"Arica",1,"Distrito Arica",101,"Zona Arica",0,25105,"Colegio Integrado Eduardo Frei Montalva",1,2985,70,NA,"Chile",37,"Arica","Arica","Arica","Distrito Arica","Zona Arica",NA,NA,"Colegio Integrado Eduardo Frei Montalva",14,2985,-18.482711,-70.317223,"exterior","exterior",FALSE
"1104438378125106",44,"Chile",38,"Antofagasta",3,"Antofagasta",1,"Antofagasta",3781,"Antofagasta",1,"Distrito Antofagasta",101,"Zona Antofagasta",0,25106,"Liceo Tecnico Humanistico A-14, Antofagasta",1,7065,218,"Exterior: 0140","Chile",38,"Antofagasta","Antofagasta","Antofagasta","Distrito Antofagasta","Zona Antofagasta",NA,NA,"Liceo Tecnico Humanistico A-14, Antofagasta",33,7065,-23.650597,-70.40224,"exterior","exterior",FALSE
"1104438378225107",44,"Chile",38,"Antofagasta",4,"El Loa",1,"Calama",3782,"Calama",1,"Distrito Calama",101,"Zona Calama",0,25107,"Escuela Básica D-37 República de Bolivia",1,9738,223,"Exterior: 0141","Chile",38,"Antofagasta","El Loa","Calama","Distrito Calama","Zona Calama",NA,NA,"Escuela Básica D-37 República de Bolivia",45,9738,-22.4626664,-68.9305057,"exterior","exterior",FALSE
"1104439378325108",44,"Chile",39,"Tarapaca",5,"Iquique",1,"Iquique",3783,"Iquique",1,"Distrito Iquique",101,"Zona Iquique",0,25108,"Colegio Bernardo O´higgins",1,7356,177,NA,"Chile",39,"Tarapaca","Iquique","Iquique","Distrito Iquique","Zona Iquique",NA,NA,"Colegio Bernardo O´higgins",34,7356,-20.219838,-70.152132,"exterior","exterior",FALSE
"1104494438926101",44,"Chile",94,"Atacama",1,"Copiapó",1,"Copiapó",4389,"Copiapó",1,"Distrito Copiapó",1,"Copiapó",0,26101,"Salon Alicanto - Dependencias Municipales",1,1305,0,NA,"Chile",94,"Atacama","Copiapó","Copiapó","Distrito Copiapó","Copiapó",NA,NA,"Salon Alicanto - Dependencias Municipales",6,1305,-27.360717,-70.328689,"exterior","exterior",FALSE
"1104570381325138",45,"China",70,"Beijing",1,"Beijing",1,"Beijín",3813,"Beijín",1,"Distrito Beijin",101,"Zona Beijin",0,25138,"Embajada",1,42,1,"Exterior: 0145","China",70,"Beijing","Beijing","Beijín","Distrito Beijin","Zona Beijin",NA,NA,"Embajada",1,42,39.94599,116.450787,"exterior","exterior",FALSE
"1104941378425109",49,"Colombia",41,"Cundinamarca",1,"Bogotá",1,"Bogotá",3784,"Bogotá",1,"Distrito Bogotá",101,"Zona Bogotá",0,25109,"Embajada",1,362,36,"Exterior: 0146","Colombia",41,"Cundinamarca","Bogotá","Bogotá","Distrito Bogotá","Zona Bogotá",NA,NA,"Embajada",2,362,4.693114,-74.036546,"exterior","exterior",FALSE
"1105273381625141",52,"República de Corea del Sur",73,"Seúl",1,"Seúl",1,"Seúl",3816,"Seúl",1,"Distrito Seul",101,"Zona Seul",0,25141,"Embajada",1,22,0,"Exterior: 0147","República de Corea del Sur",73,"Seúl","Seúl","Seúl","Distrito Seul","Zona Seul",NA,NA,"Embajada",1,22,37.565433,126.97906,"exterior","exterior",FALSE
"1105351379425119",53,"Costa Rica",51,"San José",1,"San José",1,"San José",3794,"San José",1,"Distrito San Jose",101,"Zona San Jose",0,25119,"Embajada",1,156,11,"Exterior: 0148","Costa Rica",51,"San José","San José","San José","Distrito San Jose","Zona San Jose",NA,NA,"Embajada",1,156,9.9278477,-84.0372951,"exterior","exterior",FALSE
"1105552379526116",55,"Cuba",52,"La Habana",1,"La Habana",1,"La Habana",3795,"La Habana",1,"Distrito La Habana",101,"Zona La Habana",0,26116,"Embajada",1,344,25,"Exterior: 0149","Cuba",52,"La Habana","La Habana","La Habana","Distrito La Habana","Zona La Habana",NA,NA,"Embajada",2,344,23.116359,-82.431862,"exterior","exterior",FALSE
"1106142378525110",61,"Ecuador",42,"Pichincha",1,"Quito",1,"Quito",3785,"Quito",1,"Distrito Quito",101,"Zona Quito",0,25110,"Embajada",1,207,0,"Exterior: 0150","Ecuador",42,"Pichincha","Quito","Quito","Distrito Quito","Zona Quito",NA,NA,"Embajada",1,207,-0.185393,-78.477407,"exterior","exterior",FALSE
"1106213361425300",62,"Estados Unidos",13,"Virginia",1,"Arlington",1,"Arlington",3614,"Arlington",1,"Distrito Arlington",101,"Zona Virginia",0,25300,"Drew Model Elementary School",1,1390,899,NA,"Estados Unidos",13,"Virginia","Arlington","Arlington","Distrito Arlington","Zona Virginia",NA,NA,"Drew Model Elementary School",7,1390,38.8486857,-77.08644,"exterior","exterior",FALSE
"1106213361425301",62,"Estados Unidos",13,"Virginia",1,"Arlington",1,"Arlington",3614,"Arlington",1,"Distrito Arlington",101,"Zona Virginia",0,25301,"Wakefield High School",1,2247,1015,NA,"Estados Unidos",13,"Virginia","Arlington","Arlington","Distrito Arlington","Zona Virginia",NA,NA,"Wakefield High School",11,2247,38.847315,-77.111142,"exterior","exterior",FALSE
"1106213415625068",62,"Estados Unidos",13,"Virginia",2,"Fairfax",1,"Fairfax",4156,"Fairfax Springfield",1,"Distrito Fairfax",1,"Zona Fairfax",0,25068,"Lee High School",1,2793,981,NA,"Estados Unidos",13,"Virginia","Fairfax","Fairfax","Distrito Fairfax","Zona Fairfax",NA,NA,"Lee High School",13,2793,38.780724,-77.1703,"exterior","exterior",FALSE
"1106214361525069",62,"Estados Unidos",14,"New York",2,"New York",1,"New York",3615,"New York",1,"Distrito Queens",101,"Zona Queens",0,25069,"Public School 69",1,735,366,NA,"Estados Unidos",14,"New York","New York","New York","Distrito Queens","Zona Queens",NA,NA,"Public School 69",4,735,40.74874,-73.888991,"exterior","exterior",FALSE
"1106219362025085",62,"Estados Unidos",19,"Maryland",3,"Montgomery",1,"Montgomery",3620,"Wheaton",1,"Distrito Wheaton",101,"Zona Wheaton",0,25085,"Casa of Maryland",1,1249,535,NA,"Estados Unidos",19,"Maryland","Montgomery","Montgomery","Distrito Wheaton","Zona Wheaton",NA,NA,"Casa of Maryland",6,1249,38.990572,-76.981488,"exterior","exterior",FALSE
"1106224376725092",62,"Estados Unidos",24,"Dist. Columbia",4,"Washington D.C.",1,"Washington D.C.",3767,"Washington D.C.",1,"Distrito Washington D.C.",101,"Zona Washington D.C.",0,25092,"Carlos Rosario International Public Charter School",1,238,42,NA,"Estados Unidos",24,"Dist. Columbia","Washington D.C.","Washington D.C.","Distrito Washington D.C.","Zona Washington D.C.",NA,NA,"Carlos Rosario International Public Charter School",1,238,38.926726,-77.027718,"exterior","exterior",FALSE
"1106225376825093",62,"Estados Unidos",25,"California",5,"Los Angeles",1,"Los Angeles",3768,"Los Angeles",1,"Distrito Santa Ana",101,"Zona Santa Ana",0,25093,"Orange County Educational Arts Academy",1,341,125,"Exterior: 0157","Estados Unidos",25,"California","Los Angeles","Los Angeles","Distrito Santa Ana","Zona Santa Ana",NA,NA,"Orange County Educational Arts Academy",2,341,33.752528,-117.869139,"exterior","exterior",FALSE
"1106226376925094",62,"Estados Unidos",26,"Florida",6,"Miami-Dade",1,"Miami-Dade",3769,"Miami",1,"Distrito Miramar",101,"Zona Miramar",0,25094,"Sistema Universitario Ana  G. Mendez",1,579,188,NA,"Estados Unidos",26,"Florida","Miami-Dade","Miami-Dade","Distrito Miramar","Zona Miramar",NA,NA,"Sistema Universitario Ana  G. Mendez",3,579,25.911322,-80.329198,"exterior","exterior",FALSE
"1106280389425152",62,"Estados Unidos",80,"Rodhe Island",7,"Rodhe Island",1,"Providence",3894,"Providence",1,"Distrito Providence",101,"Zona Providence",0,25152,"Providence City Hall",1,325,138,NA,"Estados Unidos",80,"Rodhe Island","Rodhe Island","Providence","Distrito Providence","Zona Providence",NA,NA,"Providence City Hall",2,325,41.824278,-71.412515,"exterior","exterior",FALSE
"1106281389525153",62,"Estados Unidos",81,"New Jersey",8,"New Jersey",1,"Passaic",3895,"Passaic",1,"Distrito Passaic",101,"Zona Passaic",0,25153,"St. John Lutheran Church of Passaic",1,472,119,NA,"Estados Unidos",81,"New Jersey","New Jersey","Passaic","Distrito Passaic","Zona Passaic",NA,NA,"St. John Lutheran Church of Passaic",3,472,40.867796,-74.127141,"exterior","exterior",FALSE
"1106286407426119",62,"Estados Unidos",86,"Texas",9,"Harris",1,"Harris",4074,"Houston",1,"Distrito Houston",101,"Zona Houston",0,26119,"Consulado",1,787,0,"Exterior: 0161","Estados Unidos",86,"Texas","Harris","Harris","Distrito Houston","Zona Houston",NA,NA,"Consulado",4,787,29.742115,-95.485182,"exterior","exterior",FALSE
"1106367381025135",63,"Egipto",67,"El Cairo",1,"El Cairo",1,"El Cairo",3810,"El Cairo",1,"Distrito El Cairo",101,"Zona El Cairo",0,25135,"Embajada",1,12,1,"Exterior: 0162","Egipto",67,"El Cairo","El Cairo","El Cairo","Distrito El Cairo","Zona El Cairo",NA,NA,"Embajada",1,12,30.040401,31.199197,"exterior","exterior",FALSE
"1106715361625070",67,"España",15,"Madrid",1,"Madrid",1,"Madrid",3616,"Madrid",1,"Distrito Madrid",101,"Zona A",0,25070,"Instituto de Enseñanza Superior (IES) Cervantes",1,6554,2424,"Exterior: 0163","España",15,"Madrid","Madrid","Madrid","Distrito Madrid","Zona A",NA,NA,"Instituto de Enseñanza Superior (IES) Cervantes",30,6554,40.406299,-3.703363,"exterior","exterior",FALSE
"1106715361625071",67,"España",15,"Madrid",1,"Madrid",1,"Madrid",3616,"Madrid",1,"Distrito Madrid",102,"Zona B",0,25071,"Colegio Público República Del Uruguay",1,3174,898,NA,"España",15,"Madrid","Madrid","Madrid","Distrito Madrid","Zona B",NA,NA,"Colegio Público República Del Uruguay",15,3174,40.393757,-3.741459,"exterior","exterior",FALSE
"1106715361625072",67,"España",15,"Madrid",1,"Madrid",1,"Madrid",3616,"Madrid",1,"Distrito Madrid",103,"Zona C",0,25072,"Colegio Público Jorge Manrique",1,6315,1650,NA,"España",15,"Madrid","Madrid","Madrid","Distrito Madrid","Zona C",NA,NA,"Colegio Público Jorge Manrique",29,6315,40.388132,-3.710331,"exterior","exterior",FALSE
"1106716361725073",67,"España",16,"Cataluña",2,"Barcelona",1,"Barcelona",3617,"Barcelona",1,"Distrito Barcelona",101,"Zona A",0,25073,"CEM Olimpics (Vall D’Hebron)",1,7421,2651,NA,"España",16,"Cataluña","Barcelona","Barcelona","Distrito Barcelona","Zona A",NA,NA,"CEM Olimpics (Vall D’Hebron)",34,7421,41.427953,2.144501,"exterior","exterior",FALSE
"1106716361725075",67,"España",16,"Cataluña",2,"Barcelona",1,"Barcelona",3617,"Barcelona",1,"Distrito Barcelona",103,"Zona C",0,25075,"Sala Polivalent Del Parc Del Nord",1,3069,780,NA,"España",16,"Cataluña","Barcelona","Barcelona","Distrito Barcelona","Zona C",NA,NA,"Sala Polivalent Del Parc Del Nord",14,3069,41.569834,2.093327,"exterior","exterior",FALSE
"1106716361726180",67,"España",16,"Cataluña",2,"Barcelona",1,"Barcelona",3617,"Barcelona",1,"Distrito Barcelona",102,"Zona B",0,26180,"La Farga (Centro de Eventos)",1,7393,2101,"Exterior: 0168","España",16,"Cataluña","Barcelona","Barcelona","Distrito Barcelona","Zona B",NA,NA,"La Farga (Centro de Eventos)",34,7393,41.362135,2.104684,"exterior","exterior",FALSE
"1106717361825076",67,"España",17,"Valencia",3,"Valencia",1,"Valencia",3618,"Valencia",1,"Distrito Valencia",101,"Zona A",0,25076,"Universidad Politécnica De Valencia",1,7033,1979,"Exterior: 0169","España",17,"Valencia","Valencia","Valencia","Distrito Valencia","Zona A",NA,NA,"Universidad Politécnica De Valencia",32,7033,39.4801369,-0.3449469,"exterior","exterior",FALSE
"1106727377026186",67,"España",27,"Murcia",4,"Murcia",1,"Murcia",3770,"Murcia",1,"Distrito Murcia",101,"Zona Murcia",0,26186,"Federacion Regional de Empresarios del Metal de Murcia",1,6678,780,"Exterior: 0170","España",27,"Murcia","Murcia","Murcia","Distrito Murcia","Zona Murcia",NA,NA,"Federacion Regional de Empresarios del Metal de Murcia",31,6678,37.98449,-1.112623,"exterior","exterior",FALSE
"1106729377225097",67,"España",29,"Euskadi",5,"Vizcaya",1,"Bilbao",3772,"Bilbao",1,"Distrito Bilbao",101,"Zona Bilbao",0,25097,"Bilbao Exhibition Centre",1,6746,885,"Exterior: 0171","España",29,"Euskadi","Vizcaya","Bilbao","Distrito Bilbao","Zona Bilbao",NA,NA,"Bilbao Exhibition Centre",31,6746,43.290842,-2.989978,"exterior","exterior",FALSE
"1106730377325098",67,"España",30,"Andalucia",6,"Sevilla",1,"Sevilla",3773,"Sevilla",1,"Distrito Sevilla",101,"Zona Sevilla",0,25098,"Centro Social Polivalente Hogar Virgen De Los Reyes",1,2602,908,"Exterior: 0172","España",30,"Andalucia","Sevilla","Sevilla","Distrito Sevilla","Zona Sevilla",NA,NA,"Centro Social Polivalente Hogar Virgen De Los Reyes",12,2602,37.404317,-5.985677,"exterior","exterior",FALSE
"1106730439226104",67,"España",30,"Andalucia",7,"Málaga",1,"Málaga",4392,"Málaga",1,"Distrito Málaga",1,"Zona Málaga",0,26104,"Centro de Acción Exterior del Ayuntamiento de Málaga",1,255,17,NA,"España",30,"Andalucia","Málaga","Málaga","Distrito Málaga","Zona Málaga",NA,NA,"Centro de Acción Exterior del Ayuntamiento de Málaga",2,255,36.723956,-4.420686,"exterior","exterior",FALSE
"1106730439326105",67,"España",30,"Andalucia",8,"Granada",1,"Granada",4393,"Granada",1,"Distrito Granada",1,"Zona Granada",0,26105,"Centro Cívico Zaidín",1,886,9,"Exterior: 0174","España",30,"Andalucia","Granada","Granada","Distrito Granada","Zona Granada",NA,NA,"Centro Cívico Zaidín",4,886,37.157915,-3.595678,"exterior","exterior",FALSE
"1106731377426117",67,"España",31,"Islas Baleares",7,"Palma de Mallorca",1,"Palma de Mallorca",3774,"Palma de Mallorca",1,"Distrito Palma de Mallorca",101,"Zona Palma de Mallorca",0,26117,"Centro Educativo Infantil y Primaria CEIP Aina Moll i Marques",1,2113,239,NA,"España",31,"Islas Baleares","Palma de Mallorca","Palma de Mallorca","Distrito Palma de Mallorca","Zona Palma de Mallorca",NA,NA,"Centro Educativo Infantil y Primaria CEIP Aina Moll i Marques",10,2113,39.587388,2.64299,"exterior","exterior",FALSE
"1107459380225127",74,"Francia",59,"Ile de France",1,"París",1,"París",3802,"París",1,"Distrito Paris",101,"Zona Paris",0,25127,"Alcaldia del distrito n°16 (Mairie du 16e arrondissement)",1,693,63,"Exterior: 0176","Francia",59,"Ile de France","París","París","Distrito Paris","Zona Paris",NA,NA,"Alcaldia del distrito n°16 (Mairie du 16e arrondissement)",4,693,48.8636476,2.275948,"exterior","exterior",FALSE
"1109163380625131",91,"Paises Bajos",63,"Holanda",1,"Holanda",1,"La Haya",3806,"La Haya",1,"Distrito La Haya",101,"Zona La Haya",0,25131,"Embajada",1,125,4,"Exterior: 0177","Paises Bajos",63,"Holanda","Holanda","La Haya","Distrito La Haya","Zona La Haya",NA,NA,"Embajada",1,125,52.089345,4.305755,"exterior","exterior",FALSE
"1110768381125136",107,"India",68,"Delhi",1,"Delhi",1,"Nueva Delhi",3811,"Nueva Delhi",1,"Distrito Nueva Delhi",101,"Zona Nueva Delhi",0,25136,"Embajada",1,8,1,"Exterior: 0178","India",68,"Delhi","Delhi","Nueva Delhi","Distrito Nueva Delhi","Zona Nueva Delhi",NA,NA,"Embajada",1,8,28.561526,77.159045,"exterior","exterior",FALSE
"1110864380725132",108,"Gran Bretaña",64,"Inglaterra",1,"Inglaterra",1,"Londres",3807,"Londres",1,"Distrito Londres",101,"Zona Londres",0,25132,"ETC. Venues, Elephant & Castle, Avonmouth House",1,1415,176,"Exterior: 0179","Gran Bretaña",64,"Inglaterra","Inglaterra","Londres","Distrito Londres","Zona Londres",NA,NA,"ETC. Venues, Elephant & Castle, Avonmouth House",7,1415,51.497848,-0.097461,"exterior","exterior",FALSE
"1112456379925124",124,"Italia",56,"Lazio",1,"Roma",1,"Roma",3799,"Roma",1,"Distrito Roma",101,"Zona Roma",0,25124,"Iglesia Santa Maria Adoloratta",1,612,171,NA,"Italia",56,"Lazio","Roma","Roma","Distrito Roma","Zona Roma",NA,NA,"Iglesia Santa Maria Adoloratta",3,612,41.9184,12.500819,"exterior","exterior",FALSE
"1112457380025125",124,"Italia",57,"Lombardía",2,"Bérgamo",1,"Bérgamo",3800,"Bérgamo",1,"Distrito Bergamo",101,"Zona Bergamo",0,25125,"Instituto Paritario Imiberg",1,2913,249,NA,"Italia",57,"Lombardía","Bérgamo","Bérgamo","Distrito Bergamo","Zona Bergamo",NA,NA,"Instituto Paritario Imiberg",14,2913,45.699503,9.657442,"exterior","exterior",FALSE
"1112457380125126",124,"Italia",57,"Lombardía",3,"Milán",1,"Milán",3801,"Milán",1,"Distrito Milan",101,"Zona Milan",0,25126,"Liceo Linguistico Manzoni",1,2334,180,NA,"Italia",57,"Lombardía","Milán","Milán","Distrito Milan","Zona Milan",NA,NA,"Liceo Linguistico Manzoni",11,2334,45.487689,9.216125,"exterior","exterior",FALSE
"1112971381425139",129,"Japón",71,"Kanto",1,"Tokio",1,"Tokio",3814,"Tokio",1,"Distrito Tokio",101,"Zona Tokio",0,25139,"Embajada",1,196,39,"Exterior: 0183","Japón",71,"Kanto","Tokio","Tokio","Distrito Tokio","Zona Tokio",NA,NA,"Embajada",1,196,35.65922,139.72235,"exterior","exterior",FALSE
"1115454379725122",154,"México",54,"México D.F.",1,"México D.F.",1,"México D.F.",3797,"México D.F.",1,"Distrito Mexico D.F.",101,"Zona Mexico D.F.",0,25122,"Embajada",1,321,22,"Exterior: 0184","México",54,"México D.F.","México D.F.","México D.F.","Distrito Mexico D.F.","Zona Mexico D.F.",NA,NA,"Embajada",2,321,19.432104,-99.175778,"exterior","exterior",FALSE
"1118053379625121",180,"Panamá",53,"Panamá",1,"Panamá",1,"Panamá",3796,"Panamá",1,"Distrito Panamá",101,"Zona Panamá",0,25121,"Embajada",1,142,3,"Exterior: 0185","Panamá",53,"Panamá","Panamá","Panamá","Distrito Panamá","Zona Panamá",NA,NA,"Embajada",1,142,8.9911836,-79.5265138,"exterior","exterior",FALSE
"1118143378625111",181,"Paraguay",43,"Dist. Capital",1,"Distrito Capital",1,"Asunción",3786,"Asunción",1,"Distrito Asunción",101,"Zona Asunción",0,25111,"Embajada",1,420,31,"Exterior: 0186","Paraguay",43,"Dist. Capital","Distrito Capital","Asunción","Distrito Asunción","Zona Asunción",NA,NA,"Embajada",2,420,-25.29239,-57.612074,"exterior","exterior",FALSE
"1118244378725112",182,"Perú",44,"Lima",1,"Lima",1,"Lima",3787,"Lima",1,"Distrito Lima",101,"Zona Lima",0,25112,"Consulado",1,513,44,"Exterior: 0187","Perú",44,"Lima","Lima","Lima","Distrito Lima","Zona Lima",NA,NA,"Consulado",3,513,-12.093759,-77.05086,"exterior","exterior",FALSE
"1118245378825113",182,"Perú",45,"Cusco",2,"Cusco",1,"Cusco",3788,"Cusco",1,"Distrito Cuzco",101,"Zona Cuzco",0,25113,"Consulado",1,88,2,"Exterior: 0188","Perú",45,"Cusco","Cusco","Cusco","Distrito Cuzco","Zona Cuzco",NA,NA,"Consulado",1,88,-13.5259864,-71.948046,"exterior","exterior",FALSE
"1118246378925114",182,"Perú",46,"Puno",3,"Puno",1,"Puno",3789,"Puno",1,"Distrito Puno",101,"Zona Puno",0,25114,"Consulado",1,152,0,"Exterior: 0189","Perú",46,"Puno","Puno","Puno","Distrito Puno","Zona Puno",NA,NA,"Consulado",1,152,-15.8418712,-70.0288572,"exterior","exterior",FALSE
"1118247379025115",182,"Perú",47,"Tacna",4,"Tacna",1,"Tacna",3790,"Tacna",1,"Distrito Tacna",101,"Zona Tacna",0,25115,"I. E. 42010 Santisima Niña Maria",1,221,1,NA,"Perú",47,"Tacna","Tacna","Tacna","Distrito Tacna","Zona Tacna",NA,NA,"I. E. 42010 Santisima Niña Maria",1,221,-18.00569,-70.238209,"exterior","exterior",FALSE
"1118248379125116",182,"Perú",48,"Moquegua",5,"Moquegua",1,"Ilo",3791,"Ilo",1,"Distrito Ilo",101,"Zona Ilo",0,25116,"Consulado",1,64,2,"Exterior: 0191","Perú",48,"Moquegua","Moquegua","Ilo","Distrito Ilo","Zona Ilo",NA,NA,"Consulado",1,64,-17.634913,-71.336455,"exterior","exterior",FALSE
"1119472381525140",194,"Rusia",72,"Distr. Federal",1,"Moscú",1,"Moscú",3815,"Moscú",1,"Distrito Moscu",101,"Zona Moscu",0,25140,"Embajada",1,151,6,"Exterior: 0192","Rusia",72,"Distr. Federal","Moscú","Moscú","Distrito Moscu","Zona Moscu",NA,NA,"Embajada",1,151,55.7117787,37.6163556,"exterior","exterior",FALSE
"1121266380926124",212,"Suecia",66,"Estocolmo",1,"Estocolmo",1,"Estocolmo",3809,"Estocolmo",1,"Distrito Estocolmo",101,"Zona Estocolmo",0,26124,"ABF Stockholm",1,438,45,NA,"Suecia",66,"Estocolmo","Estocolmo","Estocolmo","Distrito Estocolmo","Zona Estocolmo",NA,NA,"ABF Stockholm",2,438,59.33873,18.060082,"exterior","exterior",FALSE
"1121377382026120",213,"Suiza",77,"Ginebra",1,"Ginebra",1,"Ginebra",3820,"Ginebra",1,"Distrito Ginebra",101,"Zona Ginebra",0,26120,"Centro Solidario Paquis",1,1151,133,"Exterior: 0194","Suiza",77,"Ginebra","Ginebra","Ginebra","Distrito Ginebra","Zona Ginebra",NA,NA,"Centro Solidario Paquis",6,1151,46.211601,6.146567,"exterior","exterior",FALSE
"1123349379225117",233,"Uruguay",49,"Montevideo",1,"Montevideo",1,"Montevideo",3792,"Montevideo",1,"Distrito Montevideo",101,"Zona Montevideo",0,25117,"Embajada",1,182,7,"Exterior: 0195","Uruguay",49,"Montevideo","Montevideo","Montevideo","Distrito Montevideo","Zona Montevideo",NA,NA,"Embajada",1,182,-34.8981305,-56.1593638,"exterior","exterior",FALSE
